freq,product,product label,PRODQNT - EU27_2020 - 2019 - amount,PRODQNT - EU27_2020 - 2019 - unit,EXPQNT - EU27_2020 - 2019 - amount,EXPQNT - EU27_2020 - 2019 - unit,IMPQNT - EU27_2020 - 2019 - amount,IMPQNT - EU27_2020 - 2019 - unit,PRODQNT - EU27_2020 - 2022 - amount,PRODQNT - EU27_2020 - 2022 - unit,EXPQNT - EU27_2020 - 2022 - amount,EXPQNT - EU27_2020 - 2022 - unit,IMPQNT - EU27_2020 - 2022 - amount,IMPQNT - EU27_2020 - 2022 - unit,PRODQNT - FR - 2019 - amount,PRODQNT - FR - 2019 - unit,EXPQNT - FR - 2019 - amount,EXPQNT - FR - 2019 - unit,IMPQNT - FR - 2019 - amount,IMPQNT - FR - 2019 - unit,PRODQNT - FR - 2022 - amount,PRODQNT - FR - 2022 - unit,EXPQNT - FR - 2022 - amount,EXPQNT - FR - 2022 - unit,IMPQNT - FR - 2022 - amount,IMPQNT - FR - 2022 - unit
A,20141120,Saturated acyclic hydrocarbons,861284640,KG,94938259,KG,1993784447,KG,980000000,KG,74915115,KG,1792881362,KG,:,KG,14838200,KG,86858300,KG,6572870,KG,12477080,KG,45142235,KG
A,20141130,Ethylene,9817689027,KG,280758738,KG,1418579590,KG,9087159767,KG,130155532,KG,1250333999,KG,1454878883,KG,198372600,KG,71123000,KG,:,KG,101283487,KG,171202101,KG
A,20141140,Propene (propylene),9792446126,KG,124453445,KG,845569901,KG,8574019066,KG,199594233,KG,507722136,KG,1055275803,KG,120498700,KG,376161400,KG,:,KG,91064341,KG,361054455,KG
A,20141150,Butene (butylene) and isomers thereof,1674613555,KG,95308472,KG,66119,KG,2000000000,KG,107722054,KG,46666,KG,:,KG,105200,KG,22874100,KG,:,KG,494,KG,22163375,KG
A,20141160,"Buta-1,3-diene and isoprene",2742866596,KG,298433161,KG,27881078,KG,2800000000,KG,278199711,KG,8940257,KG,811314214,KG,34734300,KG,267379000,KG,:,KG,16780075,KG,242912947,KG
A,20141165,Unsaturated acyclic hydrocarbons; buta-1.3-diene,:,: ,:,: ,:,: ,:,: ,:,: ,:,: ,:,: ,:,: ,:,: ,:,: ,:,: ,:,: 
A,20141167,Unsaturated acyclic hydrocarbons; Isoprene,:,: ,:,: ,:,: ,:,: ,:,: ,:,: ,:,: ,:,: ,:,: ,:,: ,:,: ,:,: 
A,20141190,"Unsaturated acyclic hydrocarbons (excluding ethylene, propene, butene, buta-1,3-diene and isoprene)",946317441,KG,124002539,KG,349604452,KG,808857061,KG,90058043,KG,420165419,KG,:,KG,23768500,KG,107374000,KG,532055,KG,1749048,KG,97771943,KG
A,20141213,Cyclohexane,608450270,KG,5029620,KG,463070237,KG,240000000,KG,4478790,KG,443315016,KG,:,KG,557000,KG,194859500,KG,:,KG,2214917,KG,77760638,KG
A,20141215,Cyclanes; cyclenes and cycloterpenes (excluding cyclohexane),100000000,KG,36477436,KG,67517838,KG,99748574,KG,41795774,KG,74879749,KG,:,KG,10577900,KG,14136100,KG,:,KG,13628552,KG,28847014,KG
A,20141223,Benzene,5406482633,KG,113144308,KG,1030258210,KG,5504236965,KG,319663008,KG,730239102,KG,453962000,KG,106748700,KG,271292700,KG,:,KG,81604347,KG,185801174,KG
A,20141225,Toluene,1279401108,KG,210931571,KG,50491828,KG,1096615778,KG,243200094,KG,23765837,KG,132656282,KG,20727600,KG,22029700,KG,87834755,KG,13289480,KG,24358090,KG
A,20141243,o-Xylene,229557755,KG,23182840,KG,113572389,KG,142572057,KG,17890026,KG,175636350,KG,:,KG,0,KG,3326900,KG,:,KG,48641274,KG,474498,KG
A,20141245,p-Xylene,895504408,KG,369289430,KG,466476317,KG,555399993,KG,95082696,KG,636505954,KG,0,KG,0,KG,10900,KG,0,KG,49094731,KG,6319207,KG
A,20141247,m-Xylene and mixed xylene isomers,932028815,KG,3284692,KG,37675130,KG,800000000,KG,1808665,KG,21433537,KG,:,KG,719900,KG,3666900,KG,:,KG,848820,KG,1816486,KG
A,20141250,Styrene,2880904684,KG,592906998,KG,780445063,KG,3000000000,KG,319176496,KG,627976392,KG,N/A,N/A,245663900,KG,314982100,KG,N/A,N/A,167106617,KG,242749901,KG
A,20141260,Ethylbenzene,566842570,KG,1574253,KG,172820488,KG,600000000,KG,2580128,KG,42497260,KG,:,KG,9512600,KG,25339100,KG,:,KG,148899,KG,4206123,KG
A,20141270,Cumene,1117467000,KG,214701,KG,240567437,KG,727568000,KG,77525,KG,50927527,KG,N/A,N/A,0,KG,10901800,KG,N/A,N/A,0,KG,2089702,KG
A,20141290,Other cyclic hydrocarbons,599253882,KG,28939953,KG,25394624,KG,753000000,KG,22560543,KG,29958858,KG,:,KG,0,KG,28467100,KG,:,KG,7180805,KG,29042478,KG
A,20141313,Chloromethane (methyl chloride) and chloroethane (ethyl chloride),210000000,KG,28552713,KG,5877794,KG,300000000,KG,32432440,KG,894106,KG,N/A,N/A,5501400,KG,20581900,KG,N/A,N/A,9427321,KG,26272884,KG
A,20141315,Dichloromethane (methylene chloride),120000000,KG,81351035,KG,3226171,KG,140000000,KG,55232457,KG,3056485,KG,40993825,KG,36773800,KG,5646700,KG,:,KG,31514153,KG,4090040,KG
A,20141323,Chloroform (trichloromethane),120000000,KG,6537527,KG,3045872,KG,100000000,KG,3302776,KG,910325,KG,39077065,KG,0,KG,3731800,KG,:,KG,14245658,KG,5272286,KG
A,20141325,Carbon tetrachloride,26721000,KG,2123016,KG,546,KG,30251440,KG,10207739,KG,397,KG,N/A,N/A,0,KG,2922500,KG,N/A,N/A,0,KG,2143413,KG
A,20141353,"1,2-Dichloroethane (ethylene dichloride)",1000000000,KG,173165102,KG,418388518,KG,910000000,KG,179146646,KG,292939382,KG,0,KG,9400,KG,19552300,KG,0,KG,35701,KG,36205723,KG
A,20141357,"Saturated chlorinated derivatives of acyclic hydrocarbons, n.e.c.",116056666,KG,24805630,KG,982711,KG,60000000,KG,29844172,KG,1946135,KG,:,KG,0,KG,4097300,KG,:,KG,1092968,KG,3443719,KG
A,20141371,Vinyl chloride (chloroethylene),822829309,KG,17677019,KG,91575627,KG,800000000,KG,67849999,KG,82272543,KG,:,KG,0,KG,317967700,KG,:,KG,131205247,KG,324636814,KG
A,20141374,Trichloroethylene; tetrachloroethylene (perchloroethylene),96476439,KG,72564995,KG,12840110,KG,120000000,KG,69384343,KG,2962437,KG,N/A,N/A,23389000,KG,1352700,KG,N/A,N/A,13609321,KG,959259,KG
A,20141379,"Unsaturated chlorinated derivatives of acyclic hydrocarbons (excluding vinyl chloride, trichloroethylene, tetrachloroethylene)",160000000,KG,23167244,KG,3513061,KG,174203169,KG,26531248,KG,1530242,KG,N/A,N/A,3815100,KG,4755100,KG,N/A,N/A,2959817,KG,1545644,KG
A,20141450,Derivatives of hydrocarbons containing only sulpho groups; their salts and ethyl esters,210260186,KG,51283741,KG,29683486,KG,180454643,KG,54690922,KG,11377894,KG,15682691,KG,21410400,KG,48896100,KG,15858235,KG,19658915,KG,47142012,KG
A,20141470,Derivatives of hydrocarbons containing only nitro or only nitroso groups,45000000,KG,28697153,KG,25046989,KG,84850283,KG,53204508,KG,13462202,KG,N/A,N/A,10500,KG,272700,KG,N/A,N/A,1691,KG,15312,KG
A,20141490,"Derivatives of hydrocarbons (excluding those containing only sulpho groups; their salts and ethyl esters, those containing only nitro or only nitroso groups)",38836855,KG,5804871,KG,14907414,KG,96094898,KG,6055202,KG,13458439,KG,:,KG,100,KG,1143200,KG,0,KG,999428,KG,1575460,KG
A,20141910,Fluorinated; brominated or iodinated derivatives of acyclic hydrocarbons,41522467,KG,21141030,KG,52667448,KG,25000000,KG,12007464,KG,66870998,KG,21280612,KG,8761500,KG,10816600,KG,:,KG,8942013,KG,6759435,KG
A,20141930,Halogenated derivatives of acyclic hydrocarbons containing >= 2 different halogens,47840344,KG,9366749,KG,6937934,KG,54227181,KG,12952687,KG,8999142,KG,:,KG,0,KG,1661200,KG,:,KG,27647562,KG,3645674,KG
A,20141950,"Halogenated derivatives of cyclanic, cyclenic or cycloterpenic hydrocarbons",3000000,KG,117468,KG,447159,KG,3000000,KG,85788,KG,604096,KG,:,KG,20800,KG,22300,KG,:,KG,23940,KG,31600,KG
A,20141970,Halogenated derivatives of aromatic hydrocarbons,178136726,KG,95446044,KG,33073353,KG,210000000,KG,76055046,KG,29369024,KG,1810176,KG,228500,KG,6315000,KG,:,KG,181448,KG,6133457,KG
A,20142100,Industrial fatty alcohols,300000000,KG,151534135,KG,245081813,KG,315300642,KG,139474478,KG,261501422,KG,N/A,N/A,31270800,KG,52387000,KG,N/A,N/A,35723088,KG,48629294,KG
A,20142210,Methanol (methyl alcohol),1200000000,KG,465543413,KG,6504716635,KG,980000000,KG,360831488,KG,5924732058,KG,:,KG,3032600,KG,621287900,KG,2033506,KG,2559616,KG,576113848,KG
A,20142220,Propan-1-ol (propyl alcohol) and propan-2-ol (isopropyl alcohol),316272147,KG,93302861,KG,123058079,KG,540000000,KG,79116387,KG,127347651,KG,83483947,KG,0,KG,20920700,KG,:,KG,55710497,KG,18576637,KG
A,20142230,Butan-1-ol (n-butyl alcohol),236971246,KG,31892022,KG,164422789,KG,400000000,KG,22514956,KG,107331541,KG,N/A,N/A,0,KG,4336500,KG,N/A,N/A,0,KG,2896600,KG
A,20142240,Butanols (excluding butan-1-ol (n-butyl alcohol)),66153375,KG,25845138,KG,22366103,KG,62795817,KG,98883577,KG,16628840,KG,:,KG,15869000,KG,5767300,KG,:,KG,16116362,KG,5749846,KG
A,20142263,Octanol (octyl alcohol) and isomers thereof,426168674,KG,160859338,KG,17662408,KG,377124209,KG,159053721,KG,22843509,KG,:,KG,300,KG,46810200,KG,:,KG,43506696,KG,35752479,KG
A,20142265,"Lauryl alcohol; cetyl alcohol; stearyl alcohol and other saturated monohydric alcohols (excluding methyl, propyl and isopropyl, n-butyl, other butanols, octyl)",360000000,KG,190240622,KG,61357529,KG,420178578,KG,231711718,KG,61100291,KG,36010405,KG,22952700,KG,41605500,KG,29510521,KG,22990522,KG,27688513,KG
A,20142270,Unsaturated monohydric alcohols,17347849,KG,7880560,KG,20380731,KG,9000000,KG,6877890,KG,21307256,KG,:,KG,2040300,KG,3712500,KG,:,KG,2330001,KG,5618432,KG
A,20142310,Ethylene glycol (ethanediol),1052439255,KG,115708314,KG,870400383,KG,1000000000,KG,50499603,KG,795747967,KG,99796,KG,0,KG,72481700,KG,131879,KG,6955287,KG,71460637,KG
A,20142320,"Propylene glycol (propane-1,2-diol)",669561750,KG,100280812,KG,49344702,KG,800000000,KG,84547052,KG,48026699,KG,N/A,N/A,42017000,KG,96355300,KG,N/A,N/A,54876987,KG,71053198,KG
A,20142333,D-glucitol (sorbitol),404987207,KG,6320533,KG,2704872,KG,400000000,KG,43574299,KG,4063391,KG,N/A,N/A,0,KG,4026400,KG,N/A,N/A,112642312,KG,2137780,KG
A,20142337,"Diols and polyhydric alcohols (excluding ethylene glycol and propylene glycol, D-glucitol and tetramethylene glycol having a bio-based carbon content of 100 % by mass)",650000000,KG,137272514,KG,131728247,KG,528905740,KG,123356024,KG,199709484,KG,14278903,KG,27117200,KG,22392200,KG,12491540,KG,45430434,KG,28788281,KG
A,20142338,"Butane-1,4-diol or tetramethylene glycol (1,4-butanediol) having a bio-based carbon content of 100 % by mass",70000000,KG,1144368,KG,26388846,KG,77816000,KG,1450926,KG,22438242,KG,0,KG,0,KG,83100,KG,:,KG,1225,KG,37379,KG
A,20142339,"Diols and polyhydric alcohols (excluding ethylene glycol and propylene glycol, D-glucitol)",:,: ,:,: ,:,: ,:,: ,:,: ,:,: ,:,: ,:,: ,:,: ,:,: ,:,: ,:,: 
A,20142350,"Halogenated, sulphonated, nitrated or nitrosated derivatives of acyclic alcohols",8005943,KG,2250339,KG,3666324,KG,9000000,KG,3390716,KG,4548838,KG,:,KG,1059100,KG,107800,KG,:,KG,1219928,KG,189240,KG
A,20142360,"Glycerol (including synthetic; excluding crude, waters and lyes)",601480482,KG,180370918,KG,52075139,KG,628715819,KG,161019466,KG,91453154,KG,:,KG,29759100,KG,60508800,KG,:,KG,12062468,KG,64452854,KG
A,20142373,"Cyclanic, cyclenic or cycloterpenic alcohols and their halogenated, sulphonated, nitrated or nitrosated derivatives",60002309,KG,17838368,KG,12265744,KG,80000000,KG,19090663,KG,15879390,KG,:,KG,3104800,KG,2837700,KG,43079,KG,2885980,KG,3256635,KG
A,20142375,"Aromatic alcohols and their halogenated, sulphonated, nitrated or nitrosated derivatives",21000000,KG,20557421,KG,15579494,KG,30000000,KG,20531226,KG,14856636,KG,:,KG,53800,KG,3123000,KG,4498,KG,158703,KG,2958444,KG
A,20142410,Monophenols,1966372084,KG,125976851,KG,175036714,KG,1527607322,KG,105538000,KG,273208235,KG,:,KG,4265100,KG,32594700,KG,:,KG,3775934,KG,29503864,KG
A,20142433,"4,4-Isopropylidenediphenol (bisphenol A; diphenylolpropane) and its salts",300000000,KG,7916916,KG,48361171,KG,200000000,KG,7356608,KG,58032226,KG,0,KG,0,KG,1945000,KG,0,KG,9987,KG,2708028,KG
A,20142439,"Polyphenols (including salts; excluding 4,4 isopropylidenediphenol) and phenol-alcohols",16483610,KG,16785120,KG,15340618,KG,10000000,KG,25378415,KG,14153517,KG,:,KG,394900,KG,2113400,KG,:,KG,13266641,KG,1566897,KG
A,20142450,"Halogenated, sulphonated, nitrated or nitrosated derivatives of phenols or phenol-alcohols",6264338,KG,2772291,KG,5561221,KG,3200000,KG,2660699,KG,8785970,KG,5738,KG,1202000,KG,207700,KG,:,KG,995662,KG,583135,KG
A,20143120,Industrial stearic acid,210000000,KG,25938823,KG,92022573,KG,240000000,KG,22182735,KG,91307073,KG,:,KG,1199900,KG,14141600,KG,:,KG,1633054,KG,13939303,KG
A,20143130,Industrial oleic acid,116373570,KG,12988922,KG,61653431,KG,93316000,KG,10383898,KG,50857007,KG,:,KG,72500,KG,18380400,KG,0,KG,80690,KG,20367959,KG
A,20143150,Industrial tall oil fatty acids,157634558,KG,28849185,KG,21297683,KG,142228455,KG,31539696,KG,4719034,KG,N/A,N/A,19488200,KG,5083100,KG,N/A,N/A,19896463,KG,7202036,KG
A,20143195,"Industrial monocarboxylic fatty acids distilled (excluding stearic, oleic tall oil)",400000000,KG,71756906,KG,186289261,KG,400000000,KG,74405769,KG,174742471,KG,:,KG,1846400,KG,46365900,KG,0,KG,1494584,KG,51771270,KG
A,20143197,"Industrial monocarboxylic fatty acids (excluding stearic, oleic, tall oil, distilled)",177875247,KG,73763151,KG,1384545410,KG,126000000,KG,90293527,KG,1881285576,KG,:,KG,28630700,KG,14680500,KG,:,KG,20753074,KG,14394834,KG
A,20143215,Ethyl acetate,36000000,KG,26894837,KG,347703984,KG,45000000,KG,17424587,KG,332601386,KG,12748602,KG,972500,KG,38435200,KG,18882599,KG,975831,KG,39191902,KG
A,20143219,Esters of acetic acid (excluding ethyl acetate),637080618,KG,157830975,KG,807566206,KG,535116016,KG,127855892,KG,766142528,KG,17163152,KG,0,KG,67689600,KG,:,KG,30602556,KG,75696535,KG
A,20143220,"Mono-, di- or tri-chloroacetic acids; propionic, butanoic and pentanoic acids; their salts and esters",383296407,KG,225307964,KG,89229495,KG,300000000,KG,180718269,KG,92596307,KG,2348204,KG,2775500,KG,22171700,KG,:,KG,1779220,KG,27581581,KG
A,20143230,"Palmitic acid, its salts and esters",:,: ,:,: ,:,: ,:,: ,:,: ,:,: ,:,: ,:,: ,:,: ,:,: ,:,: ,:,: 
A,20143235,"Palmitic acid, stearic acid, their salts and esters",187867807,KG,31021660,KG,51509846,KG,200000000,KG,30031292,KG,68350990,KG,5326607,KG,2537100,KG,17445900,KG,:,KG,2728763,KG,16089941,KG
A,20143240,"Stearic acid, its salts and esters",:,: ,:,: ,:,: ,:,: ,:,: ,:,: ,:,: ,:,: ,:,: ,:,: ,:,: ,:,: 
A,20143250,"Formic acid, its salts and esters",379667588,KG,58102210,KG,119526418,KG,300000000,KG,68378363,KG,96821167,KG,:,KG,563500,KG,26093500,KG,:,KG,2127251,KG,20171032,KG
A,20143271,Acetic acid,175203694,KG,56799171,KG,1082471420,KG,150000000,KG,30857086,KG,738564975,KG,:,KG,0,KG,31583700,KG,:,KG,14820479,KG,28225550,KG
A,20143277,Acetic anhydride,900000,KG,8406238,KG,229458293,KG,2400000,KG,15040348,KG,212873632,KG,0,KG,0,KG,19613400,KG,0,KG,2723086,KG,17071723,KG
A,20143278,Salts of acetic acid,60075174,KG,22538817,KG,16382236,KG,80000000,KG,18299769,KG,17867400,KG,:,KG,5013400,KG,5596700,KG,:,KG,5039707,KG,7547138,KG
A,20143280,Lauric acid and others; salts and esters,340000000,KG,186500168,KG,176024738,KG,360000000,KG,189300133,KG,267653013,KG,12930459,KG,0,KG,23974000,KG,:,KG,16778388,KG,25992278,KG
A,20143310,Acrylic acid and its salts and other monocarboxylic acid,423283936,KG,53713988,KG,80673367,KG,320000000,KG,64040832,KG,39416147,KG,N/A,N/A,1169900,KG,46117000,KG,N/A,N/A,54101298,KG,37468809,KG
A,20143320,Esters of acrylic acid,588789183,KG,188954201,KG,189665077,KG,400000000,KG,175045345,KG,204861873,KG,:,KG,0,KG,62096300,KG,:,KG,132448203,KG,64262399,KG
A,20143330,Methacrylic acid and its salts,50000000,KG,7227203,KG,26974150,KG,70000000,KG,6493226,KG,19716963,KG,0,KG,0,KG,20947700,KG,0,KG,3144,KG,23094159,KG
A,20143340,Esters of methacrylic acid,201480335,KG,64551168,KG,251439108,KG,90000000,KG,39639277,KG,231638245,KG,:,KG,0,KG,59493900,KG,:,KG,3932417,KG,53797782,KG
A,20143350,"Oleic, linoleic or linolenic acids; their salts and esters",38060206,KG,11195657,KG,8278783,KG,113438200,KG,8398742,KG,6117666,KG,624986,KG,3439000,KG,5188900,KG,2352004,KG,2624368,KG,4171224,KG
A,20143363,Benzoic acid; its salts and esters,159495729,KG,94439919,KG,27637651,KG,160000000,KG,79330170,KG,18851124,KG,:,KG,11491900,KG,15632000,KG,:,KG,10100499,KG,14637989,KG
A,20143365,Benzoyl peroxide and benzoyl chloride,44433213,KG,21547696,KG,5185031,KG,60000000,KG,19296980,KG,5435333,KG,0,KG,0,KG,654900,KG,0,KG,138676,KG,900734,KG
A,20143367,Phenylacetic acid; its salts and esters,452889,KG,63489,KG,258239,KG,320000,KG,77139,KG,418278,KG,:,KG,0,KG,65800,KG,:,KG,5143,KG,46084,KG
A,20143370,"Aromatic monocarboxylic acids, (anhydrides), halides, peroxides, peroxyacids, derivatives excluding benzoic acid, phenylacetic acids their salts/esters, benzoyl peroxide, benzoyl chloride",200000000,KG,2637164,KG,16307198,KG,120000000,KG,2649216,KG,11264959,KG,151150,KG,234800,KG,604300,KG,:,KG,149826,KG,770559,KG
A,20143381,"Oxalic, azelaic, malonic, other, cyclanic, cylenic or cycloterpenic polycarboxylic acids, salts (excluding butanedioic acid having a bio-based carbon content of 100 % by mass)",197690655,KG,22275611,KG,88601174,KG,220000000,KG,28923362,KG,82016946,KG,50948743,KG,3472500,KG,20385100,KG,11040601,KG,9683231,KG,21099467,KG
A,20143382,"Ethane-1,2-dicarboxylic acid or butanedioic acid (succinic acid) having a bio-based carbon content of 100 % by mass",80000,KG,2336209,KG,327084,KG,200000,KG,846812,KG,474911,KG,0,KG,43400,KG,72000,KG,0,KG,272890,KG,30111,KG
A,20143383,"Oxalic, azelaic, malonic, other, cyclanic, cylenic or cycloterpenic polycarboxylic acids, salts",:,: ,:,: ,:,: ,:,: ,:,: ,:,: ,:,: ,:,: ,:,: ,:,: ,:,: ,:,: 
A,20143385,Adipic acid; its salts and esters,400000000,KG,8614841,KG,67809488,KG,570940994,KG,19655724,KG,96714575,KG,N/A,N/A,0,KG,31223800,KG,N/A,N/A,117590400,KG,28013386,KG
A,20143387,Maleic anhydride,40000000,KG,2357403,KG,50567038,KG,40247192,KG,5613795,KG,58750649,KG,0,KG,0,KG,34245200,KG,0,KG,112998,KG,24450897,KG
A,20143410,Dibutyl and dioctyl orthophthalates,150000000,KG,:,KG,:,KG,30000000,KG,:,KG,:,KG,0,KG,:,KG,:,KG,0,KG,:,KG,:,KG
A,20143420,Other esters of orthophthalic acid,475430988,KG,:,KG,:,KG,530861746,KG,:,KG,:,KG,0,KG,:,KG,:,KG,:,KG,:,KG,:,KG
A,20143430,Phthalic anhydride; terephthalic acid and its salts,3205054549,KG,1043592979,KG,786875190,KG,2800000000,KG,567296099,KG,691283735,KG,0,KG,12200,KG,76134800,KG,:,KG,37355,KG,75268175,KG
A,20143440,"Aromatic polycarboxylic acids, their anhydrides, halides, peroxides, peroxyacids and their halogenated, sulphonated, nitrated or nitrosated derivatives (excluding esters of orthophthalic acid, phthalic anhydride, terephthalic acid and its salts)",320000000,KG,239796765,KG,192839291,KG,361963805,KG,132590108,KG,227000874,KG,:,KG,16904400,KG,31697900,KG,:,KG,19378747,KG,35307086,KG
A,20143473,Citric acid and its salts and esters,422900973,KG,69781204,KG,278729397,KG,500000000,KG,59140849,KG,337179497,KG,340611,KG,4548500,KG,57879500,KG,719571,KG,3435431,KG,58270296,KG
A,20143475,"Carboxylic acid with alcohol, phenol, aldehyde or ketone functions",414540872,KG,176964057,KG,165221215,KG,450000000,KG,141695276,KG,192698480,KG,:,KG,75018500,KG,46071600,KG,:,KG,73834500,KG,51763425,KG
A,201434Z1,Esters of orthophthalic acid,651912003,KG,223480994,KG,39438123,KG,400000000,KG,144677511,KG,45054162,KG,0,KG,1465900,KG,53977200,KG,:,KG,95740,KG,48961938,KG
A,20144113,Methylamine; di- or trimethylamine and their salts,113325732,KG,18891813,KG,8388095,KG,85145772,KG,15731873,KG,11592100,KG,:,KG,84200,KG,23824100,KG,:,KG,88198,KG,18968705,KG
A,20144119,Other acylic monoamines and their derivatives; salts thereof,159741746,KG,51177823,KG,42246780,KG,167217808,KG,46003190,KG,57828011,KG,:,KG,0,KG,3878700,KG,:,KG,8870838,KG,6592344,KG
A,20144123,Hexamethylenediamine and its salts; ethylenediamine and its salts,589609211,KG,58662623,KG,99459183,KG,400000000,KG,77147740,KG,43739559,KG,471684411,KG,105800,KG,3839300,KG,:,KG,250859617,KG,9107028,KG
A,20144129,Other acyclic polyamines and their derivatives; salts thereof,101317296,KG,55675874,KG,16948054,KG,90548058,KG,32475990,KG,17887484,KG,:,KG,2451900,KG,6147800,KG,:,KG,2241352,KG,4951211,KG
A,20144130,"Cyclanic, cyclenic or cycloterpenic mono- or polyamines, and their derivatives; salts thereof",80000000,KG,47583070,KG,5471621,KG,86733489,KG,38959997,KG,10927306,KG,95675,KG,186700,KG,6793100,KG,105320,KG,236579,KG,6100916,KG
A,20144151,Aniline and its salts (excluding derivatives),541632905,KG,47725553,KG,393559274,KG,484667201,KG,43389782,KG,397216957,KG,0,KG,0,KG,2589600,KG,0,KG,909,KG,2100585,KG
A,20144153,Aniline derivatives and their salts,6000000,KG,2457277,KG,15521675,KG,6300000,KG,2109822,KG,16647408,KG,:,KG,22700,KG,286100,KG,:,KG,28634,KG,196907,KG
A,20144159,Other aromatic monoamines and their derivatives; salts thereof,118288762,KG,79354797,KG,21986927,KG,81000000,KG,70097049,KG,20433842,KG,:,KG,83600,KG,7649100,KG,:,KG,113976,KG,6584045,KG
A,20144170,Aromatic polyamines and their derivatives; salts thereof,29918329,KG,52521836,KG,46602253,KG,40000000,KG,51379096,KG,52792908,KG,:,KG,374300,KG,5262600,KG,:,KG,480058,KG,4630946,KG
A,20144233,Monoethanolamine and its salts,130584083,KG,16812460,KG,53095570,KG,90000000,KG,8666447,KG,39400775,KG,:,KG,0,KG,11014800,KG,:,KG,8986322,KG,15410088,KG
A,20144235,Diethanolamine and its salts,44256214,KG,37247162,KG,14369175,KG,90000000,KG,54703382,KG,5091701,KG,:,KG,0,KG,1997200,KG,:,KG,8416796,KG,1463971,KG
A,20144237,Triethanolamine and its salts,:,: ,:,: ,:,: ,:,: ,:,: ,:,: ,:,: ,:,: ,:,: ,:,: ,:,: ,:,: 
A,20144238,"Amino-alcohols, their ethers and esters with only 1 oxygen function and their salts (excluding monoethanolamine and its salts, diethanolamine and its salts)",243118371,KG,79493017,KG,82756771,KG,240000000,KG,79784379,KG,81759935,KG,53419491,KG,98500,KG,37582200,KG,:,KG,20048547,KG,53673759,KG
A,20144239,"Amino-alcohols, their ethers and esters with only 1 oxygen function and their salts (excluding monoethanolamine and its salts, diethanolamine and its salts, triethanolamine and its salts)",:,: ,:,: ,:,: ,:,: ,:,: ,:,: ,:,: ,:,: ,:,: ,:,: ,:,: ,:,: 
A,20144290,"Oxygen-function amino-compounds (excluding amino-alcohols, their esters and ethers and salts thereof, lysine and its salts and esters, glutamic acid its salts and esters)",273239320,KG,110926987,KG,312192600,KG,320000000,KG,120319846,KG,387929149,KG,24717075,KG,25400000,KG,58889700,KG,21181188,KG,26808378,KG,55351448,KG
A,20144310,Ureines and their derivatives; salts thereof,3710796,KG,3526694,KG,2788375,KG,8963044,KG,2509168,KG,1094634,KG,:,KG,4600,KG,306200,KG,0,KG,101809,KG,561378,KG
A,20144320,Saccharin and its salts,630000,KG,1242749,KG,3403122,KG,640000,KG,618172,KG,3114947,KG,:,KG,77800,KG,329600,KG,0,KG,45945,KG,277986,KG
A,20144330,"Imides and their derivatives, and salts thereof (excluding saccharin and its salts)",21000000,KG,6388437,KG,11189294,KG,60000000,KG,6160538,KG,6380661,KG,:,KG,228300,KG,1131000,KG,530972,KG,103196,KG,659028,KG
A,20144340,Imines and their derivatives; and salts thereof,21250892,KG,24783053,KG,23226777,KG,28000000,KG,19631437,KG,34834380,KG,12701760,KG,11022700,KG,2411400,KG,:,KG,8942858,KG,2480170,KG
A,20144350,Acrylonitrile,526728202,KG,22678442,KG,145465139,KG,600000000,KG,16819156,KG,105069102,KG,:,KG,0,KG,91185100,KG,0,KG,110588,KG,94319027,KG
A,20144360,1-Cyanoguanidine (dicyandiamide),12000000,KG,4985578,KG,4728240,KG,19334000,KG,5807382,KG,4127305,KG,0,KG,10900,KG,9179300,KG,0,KG,11041,KG,9102734,KG
A,20144370,"Nitrile-function compounds (excluding acrylonitrile, 1-cyanoguanidine (dicyandiamide))",300000000,KG,116751497,KG,52317267,KG,205101283,KG,45869829,KG,63494505,KG,:,KG,205590600,KG,70725800,KG,:,KG,87909828,KG,34439835,KG
A,20144420,"Diazo-, azo- or azoxy-compounds",2447684,KG,1766746,KG,19597510,KG,1665747,KG,1944142,KG,18230465,KG,:,KG,684800,KG,1949400,KG,:,KG,483138,KG,1152113,KG
A,20144430,Organic derivatives of hydrazine or of hydroxylamine,300000000,KG,5567311,KG,14745381,KG,180000000,KG,5665048,KG,23829766,KG,1234987,KG,1445500,KG,2831500,KG,:,KG,1984984,KG,3328027,KG
A,20144450,Isocyanates,1093665222,KG,369916565,KG,73260715,KG,930000000,KG,223460601,KG,119281862,KG,61015061,KG,0,KG,37896900,KG,:,KG,0,KG,32753062,KG
A,20144490,Compounds with other nitrogen function (excluding isocyanates),45145105,KG,6794392,KG,15639793,KG,36000000,KG,6659449,KG,12669232,KG,797080,KG,465400,KG,515800,KG,1154931,KG,973982,KG,993579,KG
A,20145133,"Thiocarbamates and dithiocarbamates; thiuram mono-, di- or tetrasulphides; methionine",539528958,KG,26862536,KG,47737974,KG,400000000,KG,68523438,KG,67642688,KG,N/A,N/A,1247300,KG,15578600,KG,N/A,N/A,70739636,KG,13871780,KG
A,20145139,Other organo-sulphur compounds,280000000,KG,111242987,KG,117335446,KG,326494816,KG,102732082,KG,117279136,KG,142572160,KG,67592200,KG,34559400,KG,180019824,KG,62098298,KG,32063922,KG
A,20145150,Organo-inorganic compounds (excluding organo-sulphur compounds),:,: ,:,: ,:,: ,:,: ,:,: ,:,: ,:,: ,:,: ,:,: ,:,: ,:,: ,:,: 
A,20145151,Organo-inorganic compounds (excluding organo-sulphur compounds),178378695,KG,143033958,KG,291755530,KG,159473796,KG,121362635,KG,309499346,KG,:,KG,4100,KG,30753300,KG,:,KG,28021331,KG,36311576,KG
A,20145210,Heterocyclic compounds with oxygen only hetero-atom(s) (including coumarin; methylcoumarins and ethylcoumarins) (excluding other lactones),:,: ,:,: ,:,: ,:,: ,:,: ,:,: ,:,: ,:,: ,:,: ,:,: ,:,: ,:,: 
A,20145215,"Tetrahydrofuran, 2-Furaldehyde, Furfuryl alcohol, Tetrahydrofurfuryl alcohol and Piperonal",20890142,KG,20810472,KG,30448245,KG,24000000,KG,24646976,KG,30144995,KG,:,KG,621700,KG,3241800,KG,:,KG,770531,KG,2302282,KG
A,20145225,Heterocyclic compounds with oxygen only hetero-atom(s) (excluding other lactones),73763082,KG,20827015,KG,40825943,KG,84000000,KG,138270396,KG,37030169,KG,7163824,KG,11419900,KG,8120900,KG,:,KG,20578710,KG,9942247,KG
A,20145230,Heterocyclic compounds with nitrogen only hetero-atom(s); containing an unfused imidazole ring (excluding hydantoin and its derivatives),7120679,KG,5235829,KG,6084648,KG,7067958,KG,4382643,KG,6041783,KG,463805,KG,641100,KG,1971900,KG,671888,KG,423801,KG,70813457,KG
A,20145260,Melamine,272775970,KG,86134424,KG,105887021,KG,150000000,KG,15976832,KG,184676650,KG,:,KG,0,KG,10421900,KG,:,KG,52986,KG,12442398,KG
A,20145280,"Compounds containing in the structure an unfused pyridine ring or a quinoline or isoquinoline ring-system, not further fused; lactames; other heterocyclic compounds with nitrogen hetero-atom(s) only (excluding compounds containing in the structure an unfused pyrazole ring, an unfused imidazole ring, a pyrimidine ring, a piperazine ring or an unfused triazine ring)",774029829,KG,311100198,KG,95727429,KG,464961770,KG,140710019,KG,112199318,KG,26143821,KG,16910700,KG,28207400,KG,23003271,KG,30448935,KG,33174273,KG
A,20145290,"Nucleic acids and other heterocyclic compounds - thiazole, benzothiazole, other cycles",117294353,KG,92353731,KG,49817865,KG,123337906,KG,69724727,KG,56508647,KG,5577944,KG,22247100,KG,18887400,KG,17955670,KG,6071690,KG,16571939,KG
A,20145350,Phosphoric esters; and their salts (including lactophosphates; their halogenated; sulphonated; nitrated or nitrosated derivatives),65516910,KG,21769647,KG,80876024,KG,45000000,KG,15267685,KG,63792952,KG,1763422,KG,1315300,KG,7471300,KG,1117283,KG,978221,KG,6989541,KG
A,20145380,"Esters of other inorganic acids of non-metals (excluding esters of hydrogen halides) and their salts; their halogenated, sulphonated, nitrated or nitrosated derivatives",160711000,KG,78416635,KG,82711717,KG,120000000,KG,86010289,KG,96369439,KG,:,KG,50893000,KG,28157900,KG,:,KG,53845288,KG,27152276,KG
A,20146111,Methanal (formaldehyde),966504769,KG,30057396,KG,44722864,KG,910000000,KG,49663311,KG,21200527,KG,:,KG,0,KG,23160700,KG,:,KG,782741,KG,21502540,KG
A,20146113,Ethanal (acetaldehyde),30000000,KG,4239981,KG,156451,KG,60000000,KG,6621750,KG,151576,KG,0,KG,0,KG,13765300,KG,0,KG,0,KG,15095224,KG
A,20146115,Butanal (butyraldehyde; normal isomer),560332007,KG,:,KG,:,KG,300000000,KG,:,KG,:,KG,13985962,KG,:,KG,:,KG,:,KG,:,KG,:,KG
A,20146119,"Acyclic aldehydes, without other oxygen function (excluding methanal (formaldehyde), ethanal (acetaldehyde), butanal (butyraldehyde; normal isomer))",210487418,KG,:,KG,:,KG,360000000,KG,:,KG,:,KG,11111436,KG,:,KG,:,KG,:,KG,:,KG,:,KG
A,20146120,Cyclic aldehydes; without other oxygen function,28489760,KG,18012635,KG,8100808,KG,19430176,KG,14684763,KG,8017653,KG,:,KG,1047300,KG,1626200,KG,3699,KG,892097,KG,1647298,KG
A,20146130,Aldehyde-alcohols,:,: ,:,: ,:,: ,:,: ,:,: ,:,: ,N/A,N/A,:,: ,:,: ,N/A,N/A,:,: ,:,: 
A,20146135,"Aldehyde-alcohols, Aldehyde-ethers, aldehyde-phenols and aldehydes with other oxygen function",4000000,KG,5661621,KG,6393404,KG,7275101,KG,6856625,KG,7840001,KG,:,KG,505500,KG,1878700,KG,:,KG,4767337,KG,2541394,KG
A,20146140,"Aldehyde-ethers, aldehyde-phenols and aldehydes with other oxygen function",:,: ,:,: ,:,: ,:,: ,:,: ,:,: ,:,: ,:,: ,:,: ,:,: ,:,: ,:,: 
A,20146150,Cyclic polymers of aldehydes,200,KG,146589,KG,922778,KG,3388000,KG,1437256,KG,1447634,KG,:,KG,3000,KG,428100,KG,0,KG,51817,KG,953383,KG
A,20146160,Paraformaldehyde,123019675,KG,20287132,KG,574488,KG,80000000,KG,18117156,KG,774272,KG,0,KG,54900,KG,3858700,KG,:,KG,72703,KG,1967814,KG
A,20146170,"Halogenated, sulphonated, nitrated or nitrosated derivatives of cyclic polymers of aldehydes or paraformaldehyde",3000000,KG,2823657,KG,2490297,KG,3000000,KG,2669927,KG,2499855,KG,0,KG,0,KG,162900,KG,0,KG,6015,KG,214436,KG
A,201461Z0,"Acyclic aldehydes without other oxygen function (excluding methanal, ethanal)",770859425,KG,67916632,KG,37351993,KG,610716012,KG,55024401,KG,41838420,KG,:,KG,20814300,KG,8780800,KG,:,KG,25692724,KG,6375430,KG
A,20146211,Acetone,1274691518,KG,263028233,KG,117031494,KG,1012823189,KG,161027056,KG,78029618,KG,:,KG,28677000,KG,47318200,KG,:,KG,32016599,KG,33809299,KG
A,20146213,Butanone (methyl ethyl ketone),108808558,KG,53067474,KG,63916138,KG,94454215,KG,43125935,KG,63167367,KG,995817,KG,0,KG,15011600,KG,:,KG,1140670,KG,15431757,KG
A,20146215,4-Methylpentan-2-one (methyl isobutyl ketone),24000000,KG,3847546,KG,27075759,KG,12000000,KG,3143310,KG,32093954,KG,13628000,KG,4925200,KG,2536300,KG,6519000,KG,3763525,KG,2013605,KG
A,20146219,"Acyclic ketones; without other oxygen function (excluding acetone, butanone (methyl ethyl ketone), 4-methylpentan-2-one (methyl isobutyl ketone))",32265995,KG,7442776,KG,11857283,KG,28000000,KG,7522517,KG,13800145,KG,:,KG,1032000,KG,2705100,KG,6166150,KG,1372407,KG,2005937,KG
A,20146231,Camphor; aromatic ketones without other oxygen function; ketone-alcohols; ketone-aldehydes; ketone-phenols and ketones with other oxygen function,65005138,KG,:,KG,:,KG,60000000,KG,:,KG,:,KG,24257329,KG,:,KG,:,KG,14172725,KG,:,KG,:,KG
A,20146233,Cyclohexanone and methylcyclohexanones,77807795,KG,24022202,KG,16459580,KG,39770216,KG,5618231,KG,14384287,KG,:,KG,13400,KG,2232100,KG,:,KG,54685,KG,2094797,KG
A,20146235,Ionones and methylionones,4000000,KG,4654998,KG,1541341,KG,6111657,KG,5774181,KG,1997986,KG,0,KG,209300,KG,508500,KG,:,KG,303093,KG,557706,KG
A,20146239,"Cyclanic, cyclenic or cycloterpenic ketones without other oxygen function (excluding camphor, cyclohexanone and methylcyclohexanones, ionones and methylionones)",41680000,KG,:,KG,:,KG,20000000,KG,:,KG,:,KG,290143,KG,:,KG,:,KG,329800,KG,:,KG,:,KG
A,20146260,Quinones,2550680,KG,883195,KG,1240922,KG,7391539,KG,852870,KG,1564120,KG,:,KG,26600,KG,164800,KG,:,KG,8123,KG,90013,KG
A,20146270,Halogenated; sulphonated; nitrated or nitrosated derivatives of ketones and quinones,4136132,KG,5259780,KG,3460959,KG,4340000,KG,6247334,KG,3882294,KG,172211,KG,163200,KG,1112300,KG,:,KG,176989,KG,1041824,KG
A,201462Z0,"Aromatic ketones without other oxygen function; ketone-alcohols and ketone-aldehydes; ketone-phenols and ketones with other oxygen function; other cyclanic, cyclenic or cycloterpenic ketones without other oxygen function",100000000,KG,63502890,KG,33694804,KG,75000000,KG,51173985,KG,33478131,KG,:,KG,21462500,KG,5120800,KG,14502901,KG,15923395,KG,8461794,KG
A,20146310,"Acyclic ethers and their halogenated, sulphonated, nitrated or nitrosated derivatives",2016174630,KG,368237627,KG,332628698,KG,1800000000,KG,547060301,KG,726071613,KG,N/A,N/A,501075300,KG,282865600,KG,N/A,N/A,462310632,KG,286816531,KG
A,20146323,"Cyclanic, cyclenic or cycloterpenic ethers and their halogenated, sulphonated, nitrated or nitrosated derivatives",16000000,KG,444695,KG,496484,KG,47705006,KG,545936,KG,469635,KG,:,KG,28800,KG,162000,KG,:,KG,162764,KG,221905,KG
A,20146325,"Aromatic ethers and their halogenated, sulphonated, nitrated or nitrosated derivatives",30000000,KG,7794635,KG,13658058,KG,60000000,KG,9101933,KG,11871307,KG,:,KG,2261600,KG,1406900,KG,:,KG,1780873,KG,1235989,KG
A,20146333,"2,2-Oxydiethanol (diethylene glycol; digol)",93200592,KG,32809279,KG,285163739,KG,60000000,KG,7510677,KG,261846701,KG,0,KG,0,KG,15551800,KG,0,KG,79786,KG,13359094,KG
A,20146339,"Ether-alcohols and their halogenated, sulphonated, nitrated or nitrosated derivatives (excluding 2,2-Oxydiethanol)",527309190,KG,250973926,KG,97790479,KG,360000000,KG,236845728,KG,103507306,KG,3660610,KG,24375200,KG,42748100,KG,:,KG,72520951,KG,42667497,KG
A,20146350,"Ether-phenols; ether-alcohol-phenols and their halogenated, sulphonated, nitrated or nitrosated derivatives",9088154,KG,4912629,KG,3519761,KG,5000000,KG,3030208,KG,2796035,KG,7580773,KG,5473900,KG,1567800,KG,2491321,KG,3217329,KG,1123142,KG
A,20146360,"Alcohol, ether and ketone peroxides and their halogenated, sulphonated, nitrated or nitrosated derivatives",32000000,KG,20747621,KG,13622476,KG,:,: ,:,: ,:,: ,577263,KG,347000,KG,3110300,KG,:,: ,:,: ,:,: 
A,20146361,"Alcohol peroxides, ether peroxides, acetal and hemiacetal peroxides, ketone peroxides and their halogenated, sulphonated, nitrated or nitrosated derivatives",:,: ,:,: ,:,: ,32000000,KG,18781010,KG,13938730,KG,N/A,N/A,:,: ,:,: ,N/A,N/A,890854,KG,3644961,KG
A,20146373,Oxirane (ethylene oxide),940841433,KG,26543405,KG,17281252,KG,882308077,KG,24660975,KG,4451301,KG,:,KG,0,KG,26359700,KG,:,KG,0,KG,22713553,KG
A,20146375,Methyloxirane (propylene oxide),1641804660,KG,29173221,KG,70967677,KG,1620704043,KG,30047434,KG,30234134,KG,N/A,N/A,51494800,KG,6819600,KG,N/A,N/A,89310147,KG,5925985,KG
A,20146379,"Epoxides, epoxyalcohols, -phenols, epoxyethers, with a 3-membered ring and their halogenated, sulphonated, nitrated/nitrosated derivatives excluding oxirane, methyloxirane (propylene oxide)",149259605,KG,51009710,KG,35148316,KG,80000000,KG,73209999,KG,46570895,KG,:,KG,664200,KG,11001700,KG,:,KG,22560734,KG,7917515,KG
A,20146380,Acetals and hemiacetals and their halogenated; sulphonated; nitrated or nitrosated derivatives,16792979,KG,3535262,KG,987930,KG,:,: ,:,: ,:,: ,:,KG,36500,KG,1099900,KG,:,: ,:,: ,:,: 
A,20146381,Acetals and hemiacetals and their halogenated; sulphonated; nitrated or nitrosated derivatives,:,: ,:,: ,:,: ,10060103,KG,4621956,KG,959815,KG,:,: ,:,: ,:,: ,22701,KG,115379,KG,938809,KG
A,20146430,"Other organic compounds, n.e.c.",561860613,KG,3663448,KG,3583960,KG,447789539,KG,5344324,KG,3882119,KG,10518023,KG,1421100,KG,1638300,KG,5147985,KG,1778109,KG,1469595,KG
A,20146450,Rennet and concentrates thereof,14027000,KG,3950743,KG,719190,KG,18000000,KG,4113646,KG,1158874,KG,:,KG,201800,KG,375400,KG,:,KG,254861,KG,981792,KG
A,20146470,Enzymes; prepared enzymes (not elsewhere specified or included) (excluding rennet and concentrates),293982025,KG,144292618,KG,43819180,KG,311697344,KG,153890418,KG,48159674,KG,:,KG,19362000,KG,24972500,KG,:,KG,22008251,KG,24423113,KG
A,20147120,Activated natural mineral products; animal black,523885483,KG,409343811,KG,106815558,KG,556255248,KG,310179665,KG,111396625,KG,:,KG,79614600,KG,115018200,KG,:,KG,72744191,KG,137646195,KG
A,20147130,Tall oil; whether or not refined,469115316,KG,8733854,KG,110153310,KG,500000000,KG,7291566,KG,128682560,KG,:,KG,0,KG,20053100,KG,26858780,KG,1487888,KG,49078856,KG
A,20147140,"Gum, wood or sulphate turpentine oils, pine oil and other alike",45275799,KG,20418938,KG,5229265,KG,43619132,KG,22865796,KG,15979110,KG,:,KG,2441900,KG,1702700,KG,:,KG,1256334,KG,42889057,KG
A,20147150,Rosin and resin acids; and derivatives; rosin spirit and oils; run gums,354390361,KG,68537790,KG,98766348,KG,450000000,KG,62319494,KG,106314360,KG,:,KG,29094900,KG,23051300,KG,:,KG,27011310,KG,28624691,KG
A,20147170,"Wood tar; wood tar oils; wood creosote; wood naphtha; vegetable pitch; brewers’ pitch and similar preparations based on rosin, resin acids or on vegetable pitch",147915190,KG,2169576,KG,95312026,KG,180000000,KG,4589285,KG,91785968,KG,:,KG,16589300,KG,5348500,KG,:,KG,32993575,KG,19393184,KG
A,20147200,Wood charcoal whether or not agglomerated (including shell or nut charcoal),240000000,KG,55481003,KG,689935809,KG,300000000,KG,61104102,KG,582571210,KG,26521366,KG,7450000,KG,90038200,KG,26887868,KG,11842394,KG,80599333,KG
A,20147320,"Benzol (benzene), toluol (toluene) and xylol (xylenes)",1782934741,KG,242858564,KG,311323634,KG,1795606724,KG,270158447,KG,323538499,KG,:,KG,259298400,KG,38267100,KG,:,KG,220377239,KG,25889720,KG
A,20147340,"Naphthalene and other aromatic hydrocarbon mixtures (excluding benzene, toluene, xylene)",3857631585,KG,1609435284,KG,2479688162,KG,4200000000,KG,817079827,KG,1785891804,KG,718962185,KG,332620600,KG,92493100,KG,213667462,KG,371161494,KG,67629059,KG
A,20147360,Phenols,98799300,KG,2887030,KG,733352,KG,71882500,KG,7668268,KG,3563287,KG,0,KG,1000,KG,1929300,KG,:,KG,0,KG,1864786,KG
A,20147390,"Other oils and oil products, n.e.c.",2320000000,KG,11340024043,KG,7099883514,KG,4229969352,KG,17420292158,KG,8235095443,KG,:,KG,843035400,KG,325014900,KG,:,KG,1488203802,KG,342542510,KG
A,20147400,Undenatured ethyl alcohol of an alcoholic strength by volume >= 80 % (important: excluding alcohol duty),3849209351.0,KG,579008236.22,KG,766310790.61,KG,3950000000.0,KG,352347383.34000003,KG,1202299307.03,KG,1134544968.0900002,KG,606179743.49,KG,354912762.19,KG,1169549630.3,KG,399937967.68,KG,638756277.5,KG
A,20147500,Denatured ethyl alcohol and other denatured spirits; of any strength,903535008.7900001,KG,66324090.550000004,KG,181986810.29000002,KG,805800000.0,KG,44483919.61,KG,439734127.62,KG,122624839.64,KG,95002244.74000001,KG,8712330.14,KG,:,L,61023911.82,KG,16436384.5,KG
A,20148000,"Residual lyes from the manufacture of wood pulp, excluding tall oil",522950947,KG,205382331,KG,147574288,KG,380000000,KG,138890676,KG,143531160,KG,50939000,KG,0,KG,38525300,KG,:,KG,34133762,KG,22675023,KG
A,20161035,"Linear polyethylene having a specific gravity < 0,94, in primary forms",1839610198,KG,318193075,KG,791305255,KG,3486497998,KG,199640883,KG,752212055,KG,777417367,KG,199769400,KG,182774100,KG,791249287,KG,146735786,KG,173773205,KG
A,20161039,"Polyethylene having a specific gravity < 0,94, in primary forms (excluding linear)",3804711583,KG,935132814,KG,846552896,KG,3561952039,KG,870209572,KG,912261837,KG,465074009,KG,336705400,KG,397749900,KG,:,KG,198057025,KG,380096125,KG
A,20161050,"Polyethylene having a specific gravity of >= 0,94, in primary forms",5550745548,KG,1237023590,KG,1953474415,KG,5978698843,KG,990970125,KG,1650180628,KG,:,KG,343468500,KG,518059400,KG,:,KG,323981555,KG,455203986,KG
A,20161070,"Ethylene-vinyl acetate copolymers, in primary forms",583095624,KG,250297867,KG,100002531,KG,500000000,KG,178585006,KG,93659673,KG,69370230,KG,96589200,KG,38199200,KG,:,KG,99983752,KG,41473560,KG
A,20161090,"Polymers of ethylene, in primary forms (excluding polyethylene, ethylene-vinyl acetate copolymers)",1466948303,KG,899402699,KG,1119589784,KG,977427615,KG,835156693,KG,1318729314,KG,:,KG,386436100,KG,213321300,KG,19485243,KG,327791215,KG,263947797,KG
A,20162035,"Expansible polystyrene, in primary forms",1646119041,KG,84366432,KG,100586452,KG,1653560947,KG,65965750,KG,210504230,KG,128987222,KG,121913200,KG,130124700,KG,:,KG,83344197,KG,125718635,KG
A,20162039,"Polystyrene, in primary forms (excluding expansible polystyrene)",1737955578,KG,316549184,KG,199187391,KG,1483611701,KG,239407056,KG,108864758,KG,420424280,KG,285299800,KG,79083700,KG,359065159,KG,278293404,KG,61210665,KG
A,20162050,"Styrene-acrylonitrile (SAN) copolymers, in primary forms",217569974,KG,12529966,KG,40377919,KG,151280223,KG,7104740,KG,41617725,KG,:,KG,483100,KG,6134500,KG,:,KG,549909,KG,4043142,KG
A,20162070,"Acrylonitrile-butadiene-styrene (ABS) copolymers, in primary forms",697933888,KG,217370525,KG,237981477,KG,605343037,KG,222751539,KG,240874146,KG,1069684,KG,4096000,KG,35421900,KG,:,KG,29882957,KG,37955760,KG
A,20162090,"Polymers of styrene, in primary forms (excluding polystyrene, styrene-acrylonitrile (SAN) copolymers, acrylonitrile-butadiene-styrene (ABS) copolymers)",750000000,KG,315217813,KG,103541438,KG,734825779,KG,278296014,KG,80671549,KG,:,KG,100008200,KG,70868900,KG,:,KG,57115058,KG,73400705,KG
A,20163010,"Polyvinyl chloride, not mixed with any other substances, in primary forms",4953910010,KG,1425967650,KG,504513532,KG,4470793569,KG,1060607262,KG,537253899,KG,1145155600,KG,839037800,KG,189717600,KG,945577326,KG,673218633,KG,192712821,KG
A,20163023,"Non-plasticised polyvinyl chloride mixed with any other substance, in primary forms",330277306,KG,61338986,KG,28512414,KG,280230785,KG,73706382,KG,57649058,KG,:,KG,40011900,KG,36307100,KG,:,KG,39925512,KG,53686760,KG
A,20163025,"Plasticised polyvinyl chloride mixed with any other substance, in primary forms",749221008,KG,147759655,KG,47445766,KG,739709991,KG,138388782,KG,51011039,KG,167737570,KG,31691500,KG,39008800,KG,:,KG,27598145,KG,38165066,KG
A,20163040,"Vinyl chloride-vinyl acetate copolymers and other vinyl chloride copolymers, in primary forms",393609155,KG,61739475,KG,4973162,KG,453353088,KG,64662376,KG,8308620,KG,:,KG,17700,KG,11136900,KG,:,KG,20148220,KG,11025118,KG
A,20163060,Fluoropolymers,144872869,KG,28715746,KG,36137496,KG,74686816,KG,40890988,KG,48461677,KG,24942428,KG,442800,KG,6285500,KG,:,KG,19405814,KG,5803914,KG
A,20163090,"Polymers of halogenated olefins, in primary forms, n.e.c.",94739954,KG,60494951,KG,8439834,KG,85543687,KG,95717320,KG,8673556,KG,:,KG,266300,KG,28089600,KG,:,KG,62137769,KG,27832096,KG
A,20164013,"Polyacetals, in primary forms",180000000,KG,128589004,KG,95890259,KG,198060284,KG,101704073,KG,136352532,KG,147485,KG,2538900,KG,29931800,KG,:,KG,3451634,KG,32742110,KG
A,20164015,"Polyethylene glycols and other polyether alcohols, in primary forms",1977533010,KG,814904343,KG,216353897,KG,1427332962,KG,558740400,KG,259964484,KG,162014342,KG,157186800,KG,143477700,KG,:,KG,140404366,KG,138464527,KG
A,20164020,"Polyethers, in primary forms (excluding polyacetals, polyether alcohols)",157111850,KG,57638213,KG,60032936,KG,134635271,KG,79696469,KG,73616986,KG,6419151,KG,10337100,KG,16566300,KG,:,KG,4915141,KG,18163855,KG
A,20164030,"Epoxide resins, in primary forms",392464949,KG,239737714,KG,149323766,KG,597613688,KG,168862664,KG,154987113,KG,:,KG,14538900,KG,39056000,KG,33550101,KG,12715115,KG,34913248,KG
A,20164040,"Polycarbonates, in primary forms",1343848775,KG,259407520,KG,91307966,KG,1080000000,KG,219944329,KG,137425259,KG,:,KG,8120800,KG,52938100,KG,:,KG,8148306,KG,47504909,KG
A,20164050,"Alkyd resins, in primary forms",502609821,KG,57949046,KG,7542022,KG,300000000,KG,56298460,KG,10050644,KG,10557014,KG,3879200,KG,25556000,KG,:,KG,1336445,KG,18626648,KG
A,20164062,Polyethylene terephthalate in primary forms having a viscosity number of >= 78 ml/g,2517574915,KG,267056705,KG,1091012060,KG,2200000000,KG,251477812,KG,1149184970,KG,:,KG,31968300,KG,494229500,KG,:,KG,45776343,KG,399790693,KG
A,20164064,Other polyethylene terephthalate in primary forms,398927284,KG,103354450,KG,306319822,KG,440000000,KG,111124598,KG,432335906,KG,0,KG,29025900,KG,26523500,KG,:,KG,48180458,KG,57927589,KG
A,20164070,"Unsaturated liquid polyesters, in primary forms (excluding polyacetals, polyethers, epoxide resins, polycarbonates, alkyd resins, polyethylene terephthalate)",550612846,KG,123600895,KG,64537285,KG,480000000,KG,116617631,KG,116328351,KG,158984711,KG,95708800,KG,37382300,KG,:,KG,71752648,KG,35197806,KG
A,20164080,"Unsaturated polyesters, in primary forms (excluding liquid polyesters, polyacetals, polyethers, epoxide resins, polycarbonates, alkyd resins, polyethylene terephthalate)",161440568,KG,31829721,KG,12026970,KG,175920200,KG,28249421,KG,8744237,KG,51929372,KG,26980000,KG,3185300,KG,51253234,KG,20373424,KG,4774508,KG
A,20164090,"Polyesters, in primary forms (excluding polyacetals, polyethers, epoxide resins, polycarbonates, alkyd resins, polyethylene terephthalate, other unsaturated polyesters)",1372840870,KG,353818192,KG,381787129,KG,1215524664,KG,352178159,KG,457983270,KG,8450868,KG,25813900,KG,140839300,KG,:,KG,30711731,KG,158234682,KG
A,20165130,"Polypropylene, in primary forms",9673911407,KG,1031526235,KG,1366859420,KG,9555914244,KG,840201926,KG,1503902249,KG,1328181138,KG,528842900,KG,450055900,KG,1002690213,KG,453736761,KG,360204335,KG
A,20165150,"Polymers of propylene or of other olefins, in primary forms (excluding polypropylene)",2271366674,KG,1190671213,KG,585934061,KG,2319569424,KG,1029973558,KG,610039481,KG,44424846,KG,554619900,KG,522517700,KG,136065647,KG,414913326,KG,499529401,KG
A,20165230,"Polymers of vinyl acetate, in aqueous dispersion, in primary forms",1066468144,KG,157846686,KG,17375922,KG,900000000,KG,136788813,KG,14892768,KG,:,KG,3592300,KG,41270100,KG,934580,KG,3183674,KG,39611926,KG
A,20165250,"Polymers of vinyl acetate, in primary forms (excluding in aqueous dispersion)",200000000,KG,42892896,KG,46609390,KG,200000000,KG,37926485,KG,50743096,KG,:,KG,19738800,KG,31412200,KG,:,KG,27013438,KG,30346758,KG
A,20165270,"Polymers of vinyl esters or other vinyl polymers, in primary forms (excluding vinyl acetate)",161644241,KG,82718980,KG,195790897,KG,169127411,KG,74075266,KG,190775915,KG,:,KG,11204900,KG,30761800,KG,:,KG,11538942,KG,29864487,KG
A,20165350,"Polymethyl methacrylate, in primary forms",88203890,KG,8630224,KG,37740891,KG,70000000,KG,11183399,KG,54425211,KG,42975,KG,0,KG,7078900,KG,27538,KG,2283973,KG,6896791,KG
A,20165390,"Acrylic polymers, in primary forms (excluding polymethyl methacrylate)",3338385824,KG,1068009737,KG,426646178,KG,4000794976,KG,945648319,KG,471446900,KG,665115053,KG,693817200,KG,259707700,KG,783387358,KG,678085987,KG,286964711,KG
A,20165450,"Polyamide -6, -11, -12, -6,6, -6,9, -6,10 or -6,12, in primary forms",1859082545,KG,469780544,KG,242946073,KG,2080000000,KG,365268880,KG,290412440,KG,:,KG,109239900,KG,115233400,KG,:,KG,116347005,KG,125912655,KG
A,20165490,"Polyamides, in primary forms (excluding polyamide -6, -11, -12, -6,6, -6,9, -6,10 or -6,12)",267901555,KG,137253316,KG,81639434,KG,280000000,KG,151367722,KG,83469286,KG,33338859,KG,22684300,KG,46486900,KG,:,KG,22279107,KG,47226289,KG
A,20165550,"Urea resins and thiourea resins, in primary forms",3271365258,KG,146978442,KG,102920747,KG,2827179444,KG,181699159,KG,142591005,KG,:,KG,223800,KG,331218500,KG,:,KG,1293874,KG,207263216,KG
A,20165570,"Melamine resins, in primary forms",910605119,KG,38980950,KG,46539686,KG,750000000,KG,35905246,KG,81668427,KG,:,KG,597700,KG,60792500,KG,:,KG,693893,KG,53246550,KG
A,20165630,"Amino resins, in primary forms (excluding urea and thiourea resins, melamine resins)",1330954731,KG,534493746,KG,141927802,KG,1342078405,KG,594725323,KG,258240039,KG,5323150,KG,8902200,KG,126942700,KG,:,KG,5656102,KG,145231744,KG
A,20165650,"Phenolic resins, in primary forms",838266066,KG,89648518,KG,61611110,KG,871106511,KG,88912877,KG,47732080,KG,39156807,KG,31462100,KG,36874200,KG,:,KG,30098154,KG,40596392,KG
A,20165670,"Polyurethanes, in primary forms",2344181214,KG,488138801,KG,81666924,KG,1800000000,KG,452505013,KG,76946808,KG,76572342,KG,59860000,KG,53816600,KG,:,KG,64839442,KG,54500328,KG
A,20165700,"Silicones, in primary forms",632119307,KG,86044505,KG,206811692,KG,642709316,KG,97899262,KG,214199166,KG,N/A,N/A,0,KG,44655800,KG,N/A,N/A,67992037,KG,51333301,KG
A,20165920,"Petroleum resins, coumarone-indene resins, polyterpenes, polysulphides, polysulphones, etc., n.e.c., in primary forms",508000000,KG,224633361,KG,262602707,KG,440000000,KG,202879904,KG,278803975,KG,164793627,KG,174127800,KG,93706200,KG,:,KG,128871038,KG,82453364,KG
A,20165940,"Cellulose and its chemical derivatives, n.e.c., in primary forms",:,: ,:,: ,:,: ,:,: ,:,: ,:,: ,:,: ,:,: ,:,: ,:,: ,:,: ,:,: 
A,20165945,Sodium carboxymethyl cellulose,30076410,KG,61597569,KG,14641706,KG,26000000,KG,69994395,KG,16020072,KG,:,KG,0,KG,2810700,KG,1098184,KG,15713873,KG,3624797,KG
A,20165950,"Cellulose and its chemical derivatives, in primary forms, excluding sodium carboxymethyl cellulose and n.e.c.",342232085,KG,215327703,KG,115215823,KG,350707898,KG,215458478,KG,120245325,KG,:,KG,1499400,KG,29316600,KG,:,KG,9634580,KG,30786140,KG
A,20165955,"Natural polymers and modified natural polymers, not elsewhere specified or included, in primary forms . Alginic acid, its salts and esters",134000000,KG,5423076,KG,6197294,KG,154158484,KG,5474497,KG,6942857,KG,1964394,KG,2908100,KG,1096100,KG,:,KG,2879158,KG,1370891,KG
A,20165960,"Natural and modified natural polymers, in primary forms (including alginic acid, hardened proteins, chemical derivatives of natural rubber)",:,: ,:,: ,:,: ,:,: ,:,: ,:,: ,:,: ,:,: ,:,: ,:,: ,:,: ,:,: 
A,20165965,"Natural polymers and modified natural polymers, e.g. hardened proteins, chemical derivatives of natural rubber, n.e.s., in primary forms (excl. alginic acid and its salts and esters)",100000000,KG,21277604,KG,20666257,KG,180000000,KG,21223943,KG,19361212,KG,8949049,KG,8990900,KG,12281700,KG,:,KG,10584890,KG,10409845,KG
A,20165970,"Ion-exchangers based on synthetic or natural polymers, in primary forms",142099386,KG,17426520,KG,31867381,KG,178486202,KG,26284771,KG,36585803,KG,0,KG,0,KG,10387800,KG,:,KG,17810698,KG,12673156,KG
