,Priority code,PRODCOM code,Long name,Figure name,Quantity (Mt),Ecoinvent 3.11 activity name proxy,Molecular formula (MF),Molecular weight (MW),Carbon atoms,ecoinvent activity region,"GHG unit impact (IPCC 2021 GWP100, kg CO2e/kg)",propylene,ethylene,methanol,"xylene, mixed",o-xylene,p-xylene,"toluene, liquid",benzene,conseq_RER_GLO_RoW,"GHG unit impact of end-of-life (IPCC 2021 GWP100, kg CO2e/kg)","GHG total unit impact with end-of-life (IPCC 2021 GWP100, kg CO2e/kg)","Total GHG footprint without end-of-life (IPCC 2021 GWP100, kg CO2e/kg)","Total GHG footprint with end-of-life (IPCC 2021 GWP100, kg CO2e/kg)",x_axis,"BTX fraction GHG footprint (IPCC 2021 GWP100, kg CO2e/kg)"
0,1,,,Polyethylene,14.026599412000001,,(C2H4)n,28.054,2,,2.8603854894697336,0.0,2.035186183408522,0.0,0.0,0.0,0.0,0.0,0.0,,0.8562771797248164,3.71666266919455,40.1214814246895,52.132138410326625,0.0,0.0
1,2,20165130,"Polypropylene, in primary forms",Polypropylene,10.4388995,"market for polypropylene, granulate",(C3H6)x,42.081,3,GLO,3.049225589995093,2.289803764792132,0.0,0.0,0.0,0.0,0.0,0.0,0.0,3.049225589995093,0.8562771797248164,3.9055027697199094,31.83055948678698,40.76915091007778,14.026599412000001,0.0
2,3,,,Polystyrene,3.117940206,,(C8H8)x,104.152,8,,7.279743738813115,0.0,0.0,0.0,0.0,0.0,0.0,0.0,0.0,,0.9225746985175513,8.202318437330666,22.697805692622175,25.574338438168375,24.465498912,0.0
3,4,20141140,Propene (propylene),Propylene,9.380366283,market for propylene,C3H6,42.08,3,RER,1.8209974620277063,1.8209974620277076,0.0,0.0,0.0,0.0,0.0,0.0,0.0,1.8209974620277063,0.8562975285171104,2.6772949905448167,17.08162319423327,25.114007658951405,27.583439118,0.0
4,5,20141130,Ethylene,Ethylene,9.244465008,market for ethylene,C2H4,28.05,2,RER,1.8209974169803824,0.0,1.8209974169803824,0.0,0.0,0.0,0.0,0.0,0.0,1.8209974169803824,0.8563992869875222,2.6773967039679047,16.834146900933533,24.751100142365832,36.963805401,0.0
5,6,,,Polyethylene terephthalate,4.090482292,,C12H14O4,222.24,12,,3.752403852968829,0.0,0.30996595558687345,0.0,0.0,0.0,1.3143296765359418,0.0,0.0,,0.6485421166306695,4.400945969599499,15.349141513001566,18.00199155669552,46.208270409,1.3143296765359418
6,7,20141223,Benzene,Benzene,5.990570951,market for benzene,C6H6,78.11,6,RER,2.064759352532246,0.0,0.0,0.0,0.0,0.0,0.0,0.0,2.0183985724911406,2.064759352532246,0.9226219434131354,2.9873812959453816,12.369087398085242,17.896119611051137,50.298752701,2.0183985724911406
7,8,,,Polyvinyl chloride,5.610365991,,C2H3Cl,62.5,2,,2.344604178629622,0.0,0.7658302434722146,0.0,0.0,0.0,0.0,0.0,0.0,,0.38435199999999997,2.728956178629622,13.15408754614012,15.310442935512953,56.289323652,0.0
8,9,20143430,Phthalic anhydride; terephthalic acid and its salts,Terephthalic acid,4.032953658,market for purified terephthalic acid,C8H6O4,166.13,8,GLO,2.5228001947207344,0.0,0.0,0.0,0.0,0.0,1.6028377513517609,0.0,0.0,2.5228001947207344,0.578390417143201,3.1011906118639354,10.1743362737021,12.506958022271917,61.899689643,1.6028377513517609
9,10,20165450_2,Polyamide -6 (PA 6),Polyamide -6,1.25668097,market for nylon 6,C30H56N5O6-,582.8,30,RER,9.306554910055352,0.0,0.0,0.0,0.0,0.0,0.0,0.0,0.0,9.306554910055352,0.618273850377488,9.92482876043284,11.695370451726621,12.472343433744639,65.932643301,0.0
10,11,20141250,Styrene,Styrene,2.992240374,market for styrene,C8H8,104.15,8,RER,3.220284263371907,0.0,0.5117002741714876,0.0,0.0,0.0,0.0,0.0,1.6084475356226198,3.220284263371907,0.9225924147863657,4.142876678158273,9.635864588618269,12.396482860888188,67.189324271,1.6084475356226198
11,12,20165450_1,"Polyamide -6,6 (PA 66)","Polyamide -6,6",1.068178825,market for nylon 6-6,C12H20N2O2,224.3,12,RER,8.252259825220545,0.0,0.0,0.0,0.0,0.0,0.0,0.0,0.0,8.252259825220545,0.6425858225590727,8.894845647779617,8.814889203698787,9.501285772601594,70.18156464500001,0.0
12,13,20142210,Methanol (methyl alcohol),Methanol,7.123081145,market for methanol,CH4O,32.042,1,RER,0.8998163447238952,0.0,0.0,0.8709326744865984,0.0,0.0,0.0,0.0,0.0,0.8998163447238952,0.3748517570688471,1.2746681017927424,6.409464839065597,9.079564322012823,71.24974347000001,0.0
13,14,20141160,"Buta-1,3-diene and isoprene",Butadiene,2.049547428,market for butadiene,C4H6,54.09,4,RER,2.6680621959002075,0.0,0.0,0.0,0.0,0.0,0.0,0.0,0.0,2.6680621959002075,0.8882233314845627,3.5562855273847704,5.468320011351302,7.2887758558850795,78.37282461500001,0.0
14,15,20146375,Methyloxirane (propylene oxide),Propylene oxide,1.512054785,"market for propylene oxide, liquid",C3H6O,58.08,3,RER,3.9587960731779583,1.38942106352714,0.0,0.0,0.0,0.0,0.0,0.0,0.0,3.9587960731779583,0.6204028925619836,4.579198965739942,5.9859165452879415,6.92399970761413,80.42237204300001,0.0
15,16,,,Polyvinyl acetate,1.394640922,,(C4H6O2)x,86.09,4,,3.7424134561299054,0.0,0.6054816411459772,0.42100187141193485,0.0,0.0,0.0,0.0,0.0,,0.558067139040539,4.300480595170445,5.219322952962218,5.9976262222916175,81.93442682800001,0.0
16,17,20143385,Adipic acid; its salts and esters,Adipic acid,0.581289067,market for adipic acid,C6H10O4,146.14,6,GLO,9.370551373579207,0.0,0.0,0.0,0.0,0.0,0.0,0.0,1.3726182507902158,9.370551373579207,0.4931298754618859,9.863681249041093,5.446999065223427,5.7336500704404925,83.32906775000001,1.3726182507902158
17,18,20141150,Butene (butylene) and isomers thereof,Butylene,1.800076728,"market for butene, mixed",C8H16,112.21,8,RER,1.823771028951012,0.0,0.0,0.0,0.0,0.0,0.0,0.0,0.0,1.823771028951012,0.8563229658675697,2.6800939948185816,3.282927786415331,4.824374828925482,83.91035681700001,0.0
18,19,20162070,"Acrylonitrile-butadiene-styrene (ABS) copolymers, in primary forms",ABS,0.817325644,market for acrylonitrile-butadiene-styrene copolymer,C15H17N,211.3,15,GLO,4.652506044090016,0.0,0.0,0.0,0.0,0.0,0.0,0.0,0.0,4.652506044090016,0.8526502602934216,5.505156304383437,3.8026124986997645,4.499505421800852,85.710433545,0.0
19,20,20144151,Aniline and its salts (excluding derivatives),Aniline,0.959497198,market for aniline,C6H7N,93.13,6,RER,3.738674274121102,0.0,0.0,0.0,0.0,0.0,0.0,0.0,1.784006727426568,3.738674274121102,0.773821539783099,4.5124958139042,3.587247490253881,4.32972708942781,86.527759189,1.784006727426568
20,21,20144450_2,Methylene diphenyl diisocyanate (MDI),Methylene diphenyl diisocyanate,0.790429172,market for methylene diphenyl diisocyanate,C15H10N2O2,250.25,15,RER,4.161533845639976,0.0,0.0,0.1291434456966222,0.0,0.0,0.0,0.0,1.2769708576576493,4.161533845639976,0.7199400599400599,4.8814739055800365,3.289397751859182,3.858459377327234,87.48725638699999,1.2769708576576493
21,22,20143320,Esters of acrylic acid,Esters of acrylic acid,0.648954423,market for butyl acrylate,C7H12O2,128.169,7,RER,4.926981499419347,1.4671189325806868,0.0,0.0,0.0,0.0,0.0,0.0,0.0,4.926981499419347,0.6559854567016985,5.582966956121046,3.197386436087357,3.6230910996375996,88.27768555899999,0.0
22,23,20142310,Ethylene glycol (ethanediol),Ethylene glycol,1.489049224,market for ethylene glycol,C2H6O2,62.07,2,RER,1.9708935487221897,0.0,1.0325169487802426,0.0,0.0,0.0,0.0,0.0,0.0,1.9708935487221897,0.3870146608667633,2.357908209588953,2.9347575093113827,3.5110413897516595,88.926639982,0.0
23,24,20146211,Acetone,Acetone,1.037784064,"market for acetone, liquid",C3H6O,58.08,3,RER,2.3459673994036887,0.4544312213328282,0.0,0.0,0.0,0.0,0.0,0.0,0.9053747813032426,2.3459673994036887,0.6204028925619836,2.9663702919656725,2.4346075817646713,3.078451816925002,90.415689206,0.9053747813032426
24,25,20143271,Acetic acid,Acetic acid,0.889396781,market for acetic acid,C2H4O2,60.05,2,GLO,2.600204460280015,0.0,0.0,0.6026365179100128,0.0,0.0,0.0,0.0,0.0,2.600204460280015,0.40003330557868444,3.0002377658586994,2.312613476914888,2.668401811189359,91.45347326999999,0.0
25,26,20143340,Esters of methacrylic acid,Methyl methacrylate,0.394694541,market for methyl methacrylate,C5H8O2,100.12,5,RER,6.049238578683896,0.443421912667275,0.0,0.2810978570423373,0.0,0.0,0.0,0.0,0.4235490309059756,6.049238578683896,0.5998302037554933,6.6490687824393895,2.387601444213133,2.624351151162344,92.34287005099999,0.4235490309059756
26,27,20141213,Cyclohexane,Cyclohexane,0.614333996,market for cyclohexane,C6H12,84.16,6,GLO,3.346810954946917,0.0,0.0,0.0,0.0,0.0,0.0,0.0,2.104273445064764,3.346810954946917,0.8562975285171104,4.203108483464027,2.056059747809116,2.582112430267956,92.737564592,2.104273445064764
27,28,20144123,Hexamethylenediamine and its salts; ethylenediamine and its salts,Hexamethylenediamine,0.418743118,market for hexamethylenediamine,C6H16N2,116.2,6,RER,5.539041669941496,0.4010849258728301,0.0,0.0,0.0,0.0,0.0,0.0,0.0,5.539041669941496,0.6201893287435456,6.159230998685041,2.3194355796032293,2.579135592871628,93.351898588,0.0
28,29,20141225,Toluene,Toluene,1.006460688,"market for toluene, liquid",C7H8,92.14,7,RER,1.6040022599866692,0.0,0.0,0.0,0.0,0.0,0.0,1.5751177768100943,0.0,1.6040022599866692,0.9124918602127198,2.516494120199389,1.6143652181397379,2.5327524035638316,93.77064170599999,1.5751177768100943
29,30,20146373,Oxirane (ethylene oxide),Ethylene oxide,0.802127934,market for ethylene oxide,C2H4O,44.05,2,RER,2.4847650451141963,0.0,1.4494602026406147,0.0,0.0,0.0,0.0,0.0,0.0,2.4847650451141963,0.5453348467650397,3.030099891879236,1.993099452112867,2.430527766086715,94.777102394,0.0
30,31,20161070,"Ethylene-vinyl acetate copolymers, in primary forms",Ethylene-vinyl acetate,0.677151979,market for ethylene vinyl acetate copolymer,C6H10O2,114.14,6,RER,2.7535583061998485,0.0,1.6613106025404096,0.0,0.0,0.0,0.0,0.0,0.0,2.7535583061998485,0.6313825127036973,3.3849408189035457,1.8645774563351154,2.2921193743184167,95.579230328,0.0
31,32,20141270,Cumene,Cumene,0.615550552,market for cumene,C9H12,120.19,9,RER,2.2886916389477583,0.6571294727474573,0.0,0.0,0.0,0.0,0.0,0.0,1.3092156188821813,2.2886916389477583,0.8994009484982111,3.1880925874459694,1.4088054017120772,1.9624321520294745,96.256382307,1.3092156188821813
32,33,20142230,Butan-1-ol (n-butyl alcohol),n-Butanol,0.428048199,market for n-butanol,C4H10O,74.12,4,GLO,3.844128516632298,1.266791658703962,0.0,0.0,0.0,0.0,0.0,0.0,0.0,3.844128516632298,0.6481921208850512,4.492320637517349,1.6454722882689967,1.922929758219833,96.871932859,0.0
33,34,20141245,p-Xylene,p-Xylene,0.579092855,market for p-xylene,C8H10,106.16,8,RER,2.255868706702388,0.0,0.0,0.0,0.0,0.0,2.2270498703483783,0.0,0.0,2.255868706702388,0.9051243406179351,3.160993047320323,1.3063574498694435,1.830508488407876,97.299981058,2.2270498703483783
34,35,20142320,"Propylene glycol (propane-1,2-diol)",Propylene glycol,0.44189643,"market for propylene glycol, liquid",C3H8O2,76.09,3,RER,3.59842429020173,1.1157051140122936,0.0,0.0,0.0,0.0,0.0,0.0,0.0,3.59842429020173,0.4735576291234065,4.071981919325136,1.5901308474654283,1.7993942731743258,97.879073913,0.0
35,36,20144350,Acrylonitrile,Acrylonitrile,0.363643432,market for acrylonitrile,C3H3N,53.06,3,GLO,4.253078333665256,2.025610689810083,0.0,0.0,0.0,0.0,0.0,0.0,0.0,4.253078333665256,0.6790991330569167,4.932177466722172,1.5466040018188747,1.7935539412319164,98.320970343,0.0
36,37,20142220,Propan-1-ol (propyl alcohol) and propan-2-ol (isopropyl alcohol),Isopropanol,0.633630002,market for isopropanol,C3H8O,60.1,3,RER,2.228746589252204,1.3420751295144198,0.0,0.0,0.0,0.0,0.0,0.0,0.0,2.228746589252204,0.5995507487520799,2.828297338004284,1.4122007058053672,1.7920940479362493,98.684613775,0.0
37,38,20141371,Vinyl chloride (chloroethylene),Vinyl chloride,0.807789565,market for vinyl chloride,C2H3Cl,62.5,2,RER,1.730012613105717,0.0,0.7645591921996976,0.0,0.0,0.0,0.0,0.0,0.0,1.730012613105717,0.38435199999999997,2.114364613105717,1.3974861361851805,1.7079616710720604,99.318243777,0.0
38,39,20141353,"1,2-Dichloroethane (ethylene dichloride)",Ethylene dichloride,1.018745547,market for ethylene dichloride,C2H4Cl2,98.96,2,RER,1.355348465485528,0.0,0.5488627815538017,0.0,0.0,0.0,0.0,0.0,0.0,1.355348465485528,0.2427445432497979,1.5980930087353258,1.3807552138466648,1.6280501363409452,100.126033342,0.0
39,40,20146115,Butanal (butyraldehyde; normal isomer),Butanal,0.3600118,market for n-butanol,C4H8O,72.11,4,GLO,3.844128516632298,1.266791658703962,0.0,0.0,0.0,0.0,0.0,0.0,0.0,3.844128516632298,0.6662598807377618,4.510388397370059,1.3839316267041235,1.6237930456363103,101.144778889,0.0
40,41,20141260,Ethylbenzene,Ethylbenzene,0.443532407,market for ethyl benzene,C8H10,106.16,8,RER,2.6724138348512128,0.0,0.0957455135501811,0.0,0.0,0.0,0.0,0.0,1.4157941400231104,2.6724138348512128,0.9051243406179351,3.5775381754691478,1.1853021406716588,1.5867541181002196,101.50479068899999,1.4157941400231104
41,42,20143215,Ethyl acetate,Ethyl acetate,0.341312049,market for ethyl acetate,C4H8O2,88.11,4,GLO,3.986381388426604,0.0,0.436658259413571,0.2143657894491481,0.0,0.0,0.0,0.0,0.0,3.986381388426604,0.5452729542617183,4.531654342688322,1.3605999997793492,1.5467082290626992,101.948323096,0.0
42,43,20165350,"Polymethyl methacrylate, in primary forms",Polymethyl methacrylate,0.210079972,market for polymethyl methacrylate,(C5H8O2)x,100.117,5,RER,6.688424161803114,0.4690937076811839,0.0,0.297371943547067,0.0,0.0,0.0,0.0,0.448070290656882,6.688424161803114,0.5998481776321702,7.288272339435284,1.4051039606357218,1.531120048996939,102.28963514499999,0.448070290656882
43,44,20144450_1,Toluene diisocyanate (TDI),Toluene diisocyanate,0.237128752,market for toluene diisocyanate,C9H6N2O2,174.16,9,RER,5.619546400911559,0.0,0.0,0.0,0.0,0.0,0.0,0.9182477427093808,0.0,5.619546400911559,0.6206878732200275,6.240234274131586,1.3325560248542496,1.4797389656124489,102.499715117,0.9182477427093808
44,45,20164013,"Polyacetals, in primary forms",Polyoxymethylene,0.356093749,manual:3.64,(CH2O)n ,30.026,1,,3.64,0.0,0.0,0.0,0.0,0.0,0.0,0.0,0.0,3.64,0.4000199826816759,4.040019982681676,1.2961812463600002,1.438625861668033,102.736843869,0.0
45,46,20146111,Methanal (formaldehyde),Formaldehyde,0.898541723,market for formaldehyde,CH2O,30.026,1,RER,1.1601848444152618,0.0,0.0,0.9355617545881204,0.0,0.0,0.0,0.0,0.0,1.1601848444152618,0.4000199826816759,1.5602048270969378,1.0424744890993762,1.4019091335725995,103.092937618,0.0
46,47,20143277,Acetic anhydride,Acetic anhydride,0.212247473,market for acetic anhydride,C4H6O3,102.09,4,GLO,5.174229860614863,0.0,0.1772031984608849,0.451584097701321,0.0,0.0,0.0,0.0,0.0,5.174229860614863,0.4706043686942893,5.6448342293091525,1.098217212636647,1.1981018006747701,103.99147934099999,0.0
47,48,20143250,"Formic acid, its salts and esters",Formic acid,0.442926298,market for formic acid,CH2O2,46.025,1,RER,2.321899093100488,0.0,0.0,0.0,0.0,0.0,0.0,0.0,0.0,2.321899093100488,0.260966865833786,2.5828659589342737,1.0284301696365565,1.144019257420978,104.20372681399999,0.0
48,49,20142433,"4,4-Isopropylidenediphenol (bisphenol A; diphenylolpropane) and its salts",Bisphenol A,0.213130407,"market for bisphenol A, powder",C15H16O2,228.29,15,RER,3.796064437970284,0.500467782633261,0.0,0.0,0.0,0.0,0.0,0.0,1.1711590128277547,3.796064437970284,0.7891935695825485,4.585258007552833,0.8090567586628329,0.9772579053497442,104.646653112,1.1711590128277547
49,50,20141247,m-Xylene and mixed xylene isomers,m-Xylene,0.403599974,"market for xylene, mixed",C8H10,106.16,8,RER,1.5157137686267124,0.0,0.0,0.0,1.4868292561995198,0.0,0.0,0.0,0.0,1.5157137686267124,0.9051243406179351,2.4208381092446474,0.6117420376091831,0.9770501979493488,104.85978351899999,1.4868292561995198
50,51,20146333,"2,2-Oxydiethanol (diethylene glycol; digol)",Diethylene glycol,0.328424854,market for diethylene glycol,C4H10O3,106.12,4,RER,2.300668716333809,0.0,1.207850015554246,0.0,0.0,0.0,0.0,0.0,0.0,2.300668716333809,0.4527327553712778,2.7534014717050868,0.7555967872642987,0.9042854763481282,105.26338349299999,0.0
51,52,20141243,o-Xylene,o-Xylene,0.260760131,market for o-xylene,C8H10,106.16,8,RER,2.2791966537603043,0.0,0.0,0.0,0.0,2.2503777410814525,0.0,0.0,0.0,2.2791966537603043,0.9051243406179351,3.1843209943782393,0.5943236180092986,0.83034395964012,105.591808347,2.2503777410814525
52,53,20143363,Benzoic acid; its salts and esters,Benzoic acid,0.232327254,market for benzoic acid,C7H6O2,122.12,7,RER,1.7857288579521982,0.0,0.0,0.0,0.0,0.0,0.0,1.3794419435885354,0.0,1.7857288579521982,0.6884785456927611,2.474207403644959,0.4148734819565903,0.5748258119153029,105.852568478,1.3794419435885354
