,PRODCOM code,Long name,Figure name,Quantity (Mt),Ecoinvent 3.11 activity name proxy,Molecular formula (MF),Molecular weight (MW),Carbon atoms,ecoinvent activity region,"GHG unit impact (IPCC 2021 GWP100, kg CO2e/kg)",propylene,ethylene,methanol,"xylene, mixed",o-xylene,p-xylene,"toluene, liquid",benzene,conseq_RER_GLO_RoW
0,20165130,"Polypropylene, in primary forms",Polypropylene,10.4388995,"market for polypropylene, granulate",(C3H6)x,42.081,3,GLO,3.049225589995093,2.289803764792132,0.0,0.0,0.0,0.0,0.0,0.0,0.0,3.049225589995093
1,20141140,Propene (propylene),Propylene,9.380366283,market for propylene,C3H6,42.08,3,RER,1.8209974620277065,1.8209974620277074,0.0,0.0,0.0,0.0,0.0,0.0,0.0,1.8209974620277065
2,20141130,Ethylene,Ethylene,9.244465008,market for ethylene,C2H4,28.05,2,RER,1.8209974169803826,0.0,1.8209974169803824,0.0,0.0,0.0,0.0,0.0,0.0,1.8209974169803826
3,20161050,"Polyethylene having a specific gravity of >= 0,94, in primary forms",Polyethylene,7.209667177,"market for polyethylene, high density, granulate",(C2H4)n,28.054,2,GLO,2.830391302116348,0.0,2.0634230728670757,0.0,0.0,0.0,0.0,0.0,0.0,2.830391302116348
4,20142210,Methanol (methyl alcohol),Methanol,7.123081145,market for methanol,CH4O,32.042,1,RER,0.8998163447238952,0.0,0.0,0.8709326744865984,0.0,0.0,0.0,0.0,0.0,0.8998163447238952
5,20141223,Benzene,Benzene,5.990570951,market for benzene,C6H6,78.11,6,RER,2.064759352532246,0.0,0.0,0.0,0.0,0.0,0.0,0.0,2.0183985724911406,2.064759352532246
6,20163010,"Polyvinyl chloride, not mixed with any other substances, in primary forms",Polyvinyl chloride,4.830409327,"market for polyvinyl chloride, emulsion polymerised",C2H3Cl,62.5,2,RER,2.3849309447053453,0.0,0.7661779088825263,0.0,0.0,0.0,0.0,0.0,0.0,2.3849309447053453
7,20161039,"Polyethylene having a specific gravity < 0,94, in primary forms (excluding linear)",Polyethylene,4.233640295,"market for polyethylene, low density, granulate",(C2H4)n,28.054,2,GLO,2.9663245718670392,0.0,2.0523898664898073,0.0,0.0,0.0,0.0,0.0,0.0,2.9663245718670392
8,20143430,Phthalic anhydride; terephthalic acid and its salts,Terephthalic acid,4.032953658,market for purified terephthalic acid,C8H6O4,166.13,8,GLO,2.5228001947207344,0.0,0.0,0.0,0.0,0.0,1.6028377513517609,0.0,0.0,2.5228001947207344
9,20164062,Polyethylene terephthalate in primary forms having a viscosity number of >= 78 ml/g,Polyethylene terephthalate,3.309299066,"market for polyethylene terephthalate, granulate, amorphous",C12H14O4,222.24,12,GLO,3.7524038529688286,0.0,0.3099659555868734,0.0,0.0,0.0,1.3143296765359418,0.0,0.0,3.7524038529688286
10,20141250,Styrene,Styrene,2.992240374,market for styrene,C8H8,104.15,8,RER,3.220284263371907,0.0,0.5117002741714876,0.0,0.0,0.0,0.0,0.0,1.6084475356226198,3.220284263371907
11,20161035,"Linear polyethylene having a specific gravity < 0,94, in primary forms",Polyethylene,2.58329194,"market for polyethylene, linear low density, granulate",(C2H4)n,28.054,2,GLO,2.770477006269006,0.0,1.9281859730392474,0.0,0.0,0.0,0.0,0.0,0.0,2.770477006269006
12,20141160,"Buta-1,3-diene and isoprene",Butadiene,2.049547428,market for butadiene,C4H6,54.09,4,RER,2.6680621959002075,0.0,0.0,0.0,0.0,0.0,0.0,0.0,0.0,2.6680621959002075
13,20141150,Butene (butylene) and isomers thereof,Butylene,1.800076728,"market for butene, mixed",C8H16,112.21,8,RER,1.823771028951012,0.0,0.0,0.0,0.0,0.0,0.0,0.0,0.0,1.823771028951012
14,20162039,"Polystyrene, in primary forms (excluding expansible polystyrene)",Polystyrene,1.649416689,"market for polystyrene, extruded",(C8H8)x,104.152,8,GLO,10.533772210429774,0.0,0.0,0.0,0.0,0.0,0.0,0.0,0.0,10.533772210429774
15,20146375,Methyloxirane (propylene oxide),Propylene oxide,1.512054785,"market for propylene oxide, liquid",C3H6O,58.08,3,RER,3.9587960731779583,1.38942106352714,0.0,0.0,0.0,0.0,0.0,0.0,0.0,3.9587960731779583
16,20142310,Ethylene glycol (ethanediol),Ethylene glycol,1.489049224,market for ethylene glycol,C2H6O2,62.07,2,RER,1.9708935487221897,0.0,1.0325169487802426,0.0,0.0,0.0,0.0,0.0,0.0,1.9708935487221897
17,20162035,"Expansible polystyrene, in primary forms",Polystyrene,1.468523517,"market for polystyrene, expandable",(C8H8)x,104.152,8,GLO,3.624883053619418,0.0,0.0,0.0,0.0,0.0,0.0,0.0,0.0,3.624883053619418
18,20165230,"Polymers of vinyl acetate, in aqueous dispersion, in primary forms",Polyvinyl acetate,1.074467957,market for vinyl acetate,(C4H6O2)x,86.09,4,RER,3.7424134561299054,0.0,0.6054816411459772,0.42100187141193496,0.0,0.0,0.0,0.0,0.0,3.7424134561299054
19,20146211,Acetone,Acetone,1.037784064,"market for acetone, liquid",C3H6O,58.08,3,RER,2.3459673994036887,0.45443122133282826,0.0,0.0,0.0,0.0,0.0,0.0,0.9053747813032426,2.3459673994036887
20,20141353,"1,2-Dichloroethane (ethylene dichloride)",Ethylene dichloride,1.018745547,market for ethylene dichloride,C2H4Cl2,98.96,2,RER,1.355348465485528,0.0,0.5488627815538017,0.0,0.0,0.0,0.0,0.0,0.0,1.355348465485528
21,20141225,Toluene,Toluene,1.006460688,"market for toluene, liquid",C7H8,92.14,7,RER,1.6040022599866692,0.0,0.0,0.0,0.0,0.0,0.0,1.5751177768100943,0.0,1.6040022599866692
22,20144151,Aniline and its salts (excluding derivatives),Aniline,0.959497198,market for aniline,C6H7N,93.13,6,RER,3.738674274121102,0.0,0.0,0.0,0.0,0.0,0.0,0.0,1.784006727426568,3.738674274121102
23,20146111,Methanal (formaldehyde),Formaldehyde,0.898541723,market for formaldehyde,CH2O,30.026,1,RER,1.1601848444152618,0.0,0.0,0.9355617545881205,0.0,0.0,0.0,0.0,0.0,1.1601848444152618
24,20143271,Acetic acid,Acetic acid,0.889396781,market for acetic acid,C2H4O2,60.05,2,GLO,2.600204460280015,0.0,0.0,0.6026365179100128,0.0,0.0,0.0,0.0,0.0,2.600204460280015
25,20162070,"Acrylonitrile-butadiene-styrene (ABS) copolymers, in primary forms",ABS,0.817325644,market for acrylonitrile-butadiene-styrene copolymer,C15H17N,211.3,15,GLO,4.652506044090016,0.0,0.0,0.0,0.0,0.0,0.0,0.0,0.0,4.652506044090016
26,20141371,Vinyl chloride (chloroethylene),Vinyl chloride,0.807789565,market for vinyl chloride,C2H3Cl,62.5,2,RER,1.730012613105717,0.0,0.7645591921996976,0.0,0.0,0.0,0.0,0.0,0.0,1.730012613105717
27,20146373,Oxirane (ethylene oxide),Ethylene oxide,0.802127934,market for ethylene oxide,C2H4O,44.05,2,RER,2.4847650451141963,0.0,1.4494602026406147,0.0,0.0,0.0,0.0,0.0,0.0,2.4847650451141963
28,20164064,Other polyethylene terephthalate in primary forms,Polyethylene terephthalate,0.781183226,"market for polyethylene terephthalate, granulate, amorphous",C12H14O4,222.24,12,GLO,3.7524038529688286,0.0,0.3099659555868734,0.0,0.0,0.0,1.3143296765359418,0.0,0.0,3.7524038529688286
29,20163025,"Plasticised polyvinyl chloride mixed with any other substance, in primary forms",Polyvinyl chloride,0.779956664,"market for polyvinyl chloride, suspension polymerised",C2H3Cl,62.5,2,RER,2.094853396347803,0.0,0.7636770902033747,0.0,0.0,0.0,0.0,0.0,0.0,2.094853396347803
30,20161070,"Ethylene-vinyl acetate copolymers, in primary forms",Ethylene-vinyl acetate,0.677151979,market for ethylene vinyl acetate copolymer,C6H10O2,114.14,6,RER,2.7535583061998485,0.0,1.6613106025404096,0.0,0.0,0.0,0.0,0.0,0.0,2.7535583061998485
31,20143320,Esters of acrylic acid,Esters of acrylic acid,0.648954423,market for butyl acrylate,C7H12O2,128.169,7,RER,4.926981499419347,1.4671189325806868,0.0,0.0,0.0,0.0,0.0,0.0,0.0,4.926981499419347
32,20142220,Propan-1-ol (propyl alcohol) and propan-2-ol (isopropyl alcohol),Isopropanol,0.633630002,market for isopropanol,C3H8O,60.1,3,RER,2.228746589252204,1.3420751295144198,0.0,0.0,0.0,0.0,0.0,0.0,0.0,2.228746589252204
33,20141270,Cumene,Cumene,0.615550552,market for cumene,C9H12,120.19,9,RER,2.2886916389477583,0.6571294727474573,0.0,0.0,0.0,0.0,0.0,0.0,1.3092156188821813,2.2886916389477583
34,20141213,Cyclohexane,Cyclohexane,0.614333996,market for cyclohexane,C6H12,84.16,6,GLO,3.346810954946917,0.0,0.0,0.0,0.0,0.0,0.0,0.0,2.104273445064764,3.346810954946917
35,20143385,Adipic acid; its salts and esters,Adipic acid,0.581289067,market for adipic acid,C6H10O4,146.14,6,GLO,9.370551373579207,0.0,0.0,0.0,0.0,0.0,0.0,0.0,1.3726182507902158,9.370551373579207
36,20141245,p-Xylene,p-Xylene,0.579092855,market for p-xylene,C8H10,106.16,8,RER,2.2558687067023877,0.0,0.0,0.0,0.0,0.0,2.2270498703483783,0.0,0.0,2.2558687067023877
37,20141260,Ethylbenzene,Ethylbenzene,0.443532407,market for ethyl benzene,C8H10,106.16,8,RER,2.6724138348512128,0.0,0.09574551355018114,0.0,0.0,0.0,0.0,0.0,1.4157941400231104,2.6724138348512128
38,20143250,"Formic acid, its salts and esters",Formic acid,0.442926298,market for formic acid,CH2O2,46.025,1,RER,2.321899093100488,0.0,0.0,0.0,0.0,0.0,0.0,0.0,0.0,2.321899093100488
39,20142320,"Propylene glycol (propane-1,2-diol)",Propylene glycol,0.44189643,"market for propylene glycol, liquid",C3H8O2,76.09,3,RER,3.59842429020173,1.1157051140122936,0.0,0.0,0.0,0.0,0.0,0.0,0.0,3.59842429020173
40,20142230,Butan-1-ol (n-butyl alcohol),n-Butanol,0.428048199,market for n-butanol,C4H10O,74.12,4,GLO,3.844128516632298,1.266791658703962,0.0,0.0,0.0,0.0,0.0,0.0,0.0,3.844128516632298
41,20144123,Hexamethylenediamine and its salts; ethylenediamine and its salts,Hexamethylenediamine,0.418743118,market for hexamethylenediamine,C6H16N2,116.2,6,RER,5.539041669941496,0.4010849258728301,0.0,0.0,0.0,0.0,0.0,0.0,0.0,5.539041669941496
42,20141247,m-Xylene and mixed xylene isomers,m-Xylene,0.403599974,"market for xylene, mixed",C8H10,106.16,8,RER,1.5157137686267124,0.0,0.0,0.0,1.4868292561995198,0.0,0.0,0.0,0.0,1.5157137686267124
43,20143340,Esters of methacrylic acid,Methyl methacrylate,0.394694541,market for methyl methacrylate,C5H8O2,100.12,5,RER,6.049238578683896,0.44342191266727504,0.0,0.2810978570423373,0.0,0.0,0.0,0.0,0.4235490309059756,6.049238578683896
44,20144350,Acrylonitrile,Acrylonitrile,0.363643432,market for acrylonitrile,C3H3N,53.06,3,GLO,4.253078333665256,2.025610689810083,0.0,0.0,0.0,0.0,0.0,0.0,0.0,4.253078333665256
45,20146115,Butanal (butyraldehyde; normal isomer),Butanal,0.3600118,market for n-butanol,C4H8O,72.11,4,GLO,3.844128516632298,1.266791658703962,0.0,0.0,0.0,0.0,0.0,0.0,0.0,3.844128516632298
46,20164013,"Polyacetals, in primary forms",Polyoxymethylene,0.356093749,manual:3.64,(CH2O)n ,30.026,1,,3.64,0.0,0.0,0.0,0.0,0.0,0.0,0.0,0.0,3.64
47,20143215,Ethyl acetate,Ethyl acetate,0.341312049,market for ethyl acetate,C4H8O2,88.11,4,GLO,3.986381388426604,0.0,0.436658259413571,0.21436578944914816,0.0,0.0,0.0,0.0,0.0,3.986381388426604
48,20146333,"2,2-Oxydiethanol (diethylene glycol; digol)",Diethylene glycol,0.328424854,market for diethylene glycol,C4H10O3,106.12,4,RER,2.3006687163338095,0.0,1.207850015554246,0.0,0.0,0.0,0.0,0.0,0.0,2.3006687163338095
49,20165250,"Polymers of vinyl acetate, in primary forms (excluding in aqueous dispersion)",Polyvinyl acetate,0.320172965,market for vinyl acetate,(C4H6O2)x,86.08905,4,RER,3.7424134561299054,0.0,0.6054816411459772,0.42100187141193496,0.0,0.0,0.0,0.0,0.0,3.7424134561299054
50,20141243,o-Xylene,o-Xylene,0.260760131,market for o-xylene,C8H10,106.16,8,RER,2.2791966537603043,0.0,0.0,0.0,0.0,2.2503777410814525,0.0,0.0,0.0,2.2791966537603043
51,20143363,Benzoic acid; its salts and esters,Benzoic acid,0.232327254,market for benzoic acid,C7H6O2,122.12,7,RER,1.7857288579521982,0.0,0.0,0.0,0.0,0.0,0.0,1.3794419435885354,0.0,1.7857288579521982
52,20142433,"4,4-Isopropylidenediphenol (bisphenol A; diphenylolpropane) and its salts",Bisphenol A,0.213130407,"market for bisphenol A, powder",C15H16O2,228.29,15,RER,3.7960644379702835,0.500467782633261,0.0,0.0,0.0,0.0,0.0,0.0,1.1711590128277547,3.7960644379702835
53,20143277,Acetic anhydride,Acetic anhydride,0.212247473,market for acetic anhydride,C4H6O3,102.09,4,GLO,5.174229860614863,0.0,0.17720319846088498,0.451584097701321,0.0,0.0,0.0,0.0,0.0,5.174229860614863
54,20165350,"Polymethyl methacrylate, in primary forms",Polymethyl methacrylate,0.210079972,market for polymethyl methacrylate,(C5H8O2)x,100.117,5,RER,6.688424161803114,0.4690937076811839,0.0,0.29737194354706703,0.0,0.0,0.0,0.0,0.448070290656882,6.688424161803114
55,20144450_1,Toluene diisocyanate (TDI),Toluene diisocyanate,0.237128752,market for toluene diisocyanate,C9H6N2O2,174.16,9,RER,5.619546400911559,0.0,0.0,0.0,0.0,0.0,0.0,0.9182477427093809,0.0,5.619546400911559
56,20144450_2,Methylene diphenyl diisocyanate (MDI),Methylene diphenyl diisocyanate,0.790429172,market for methylene diphenyl diisocyanate,C15H10N2O2,250.25,15,RER,4.161533845639976,0.0,0.0,0.12914344569662223,0.0,0.0,0.0,0.0,1.2769708576576493,4.161533845639976
57,20165450_1,"Polyamide -6,6 (PA 66)","Polyamide -6,6",1.068178825,market for nylon 6-6,C12H20N2O2,224.3,12,RER,8.252259825220545,0.0,0.0,0.0,0.0,0.0,0.0,0.0,0.0,8.252259825220545
58,20165450_2,Polyamide -6 (PA 6),Polyamide -6,1.25668097,market for nylon 6,C30H56N5O6-,582.8,30,RER,9.306554910055352,0.0,0.0,0.0,0.0,0.0,0.0,0.0,0.0,9.306554910055352
