Long name,Figure name,Quantity (Mt/yr),Local production share of available quantity (%),Carbon mass share,propylene - ecoinvent-3.11-cutoff,ethylene - ecoinvent-3.11-cutoff,methanol - ecoinvent-3.11-cutoff,"xylene, mixed - ecoinvent-3.11-cutoff",o-xylene - ecoinvent-3.11-cutoff,p-xylene - ecoinvent-3.11-cutoff,"toluene, liquid - ecoinvent-3.11-cutoff",benzene - ecoinvent-3.11-cutoff,"Unit GHG footprint without end-of-life (IPCC 2021 GWP100, kg CO2e/kg) - ecoinvent-3.11-cutoff","Unit GHG footprint of local production share (IPCC 2021 GWP100, kg CO2e/kg) - ecoinvent-3.11-cutoff",propylene - ecoinvent-3.12-cutoff,ethylene - ecoinvent-3.12-cutoff,methanol - ecoinvent-3.12-cutoff,"xylene, mixed - ecoinvent-3.12-cutoff",o-xylene - ecoinvent-3.12-cutoff,p-xylene - ecoinvent-3.12-cutoff,"toluene, liquid - ecoinvent-3.12-cutoff",benzene - ecoinvent-3.12-cutoff,"Unit GHG footprint without end-of-life (IPCC 2021 GWP100, kg CO2e/kg) - ecoinvent-3.12-cutoff","Unit GHG footprint of local production share (IPCC 2021 GWP100, kg CO2e/kg) - ecoinvent-3.12-cutoff",Unit impact of end-of-life (kg CO2/kg),"Unit GHG footprint with end-of-life (IPCC 2021 GWP100, kg CO2e/kg) - ecoinvent-3.11-cutoff","Total GHG footprint without end-of-life (IPCC 2021 GWP100, kg CO2e/kg) - ecoinvent-3.11-cutoff","Total GHG footprint with end-of-life (IPCC 2021 GWP100, kg CO2e/kg) - ecoinvent-3.11-cutoff","Unit GHG footprint with end-of-life (IPCC 2021 GWP100, kg CO2e/kg) - ecoinvent-3.12-cutoff","Total GHG footprint without end-of-life (IPCC 2021 GWP100, kg CO2e/kg) - ecoinvent-3.12-cutoff","Total GHG footprint with end-of-life (IPCC 2021 GWP100, kg CO2e/kg) - ecoinvent-3.12-cutoff","Unit GHG footprint of BTX (IPCC 2021 GWP100, kg CO2e/kg) - ecoinvent-3.11-cutoff","Unit GHG footprint of BTX (IPCC 2021 GWP100, kg CO2e/kg) - ecoinvent-3.12-cutoff"
"Polypropylene, in primary forms",Polypropylene,11.05981649,0.864021049,0.85627718,2.289803764792132,0.0875813243376466,0.466132088617711,0.0,0.0,0.0,0.0,0.0,3.049225589995086,2.634595092905198,1.841080004334483,0.0974793437734966,0.0,0.0,0.0,0.0,0.0,0.0,2.3416386163024563,2.0240234205117176,3.13744920611273,6.186674796107816,33.723875461957626,68.42348792826061,5.479087822415186,25.89809338220269,60.59770584850567,0.0,0.0
Ethylene,Ethylene,10.33749377,0.879048633,0.856399287,0.0,1.8229857480794645,0.0,0.0,0.0,0.0,0.0,0.0,1.8233934504459255,1.600745290093138,0.0,1.8790377165437917,0.0,0.0,0.0,0.0,0.0,0.0,1.879215073486688,1.6640826066083536,3.13789661323645,4.961290063682376,18.849318434243557,51.28730512447947,5.017111686723138,19.426374114658728,51.86436080489463,0.0,0.0
Propene (propylene),Propylene,9.081741202,0.944094186,0.856297529,1.822744240221504,0.0,0.0,0.0,0.0,0.0,0.0,0.0,1.82274423930588,1.7191931166211138,1.887231562315007,0.0,0.0,0.0,0.0,0.0,0.0,0.0,1.887417003380576,1.787217103395073,3.137523766027891,4.960268005333771,16.553691458812356,45.047870317002065,5.024940769408467,17.14103276495675,45.63521162314645,0.0,0.0
Methanol (methyl alcohol),Methanol,6.904732058,0.141931648,0.374851757,0.0,0.0,0.8725298121456513,0.0,0.0,0.0,0.0,0.0,0.9206227087243252,0.1277124167039985,0.0,0.0,0.7734093716270001,0.0,0.0,0.0,0.0,0.0,0.8069346232451635,0.100360321720724,1.3734785591385397,2.2941012678628647,6.356653130251644,15.840154568511165,2.1804131823837034,5.571667361831032,15.055168800090557,0.0,0.0
Benzene,Benzene,6.234476067,0.882870815,0.922621943,0.0,0.0,0.0,0.0,0.0,0.0,0.0,2.039724466279052,2.0708824605839395,1.8229157723490144,0.0,0.0,0.0,0.0,0.0,0.0,0.0,2.0795315128667213,2.1111133254052867,1.8689277277304763,3.3805402622168845,5.4514227228008245,12.910867138080642,33.98676449640172,5.491653587622171,13.161685501964044,34.23758286028511,2.039724466279052,2.0795315128667213
Styrene,Styrene,3.627976392,0.826907255,0.922592415,0.0,0.524959770645461,0.0,0.0,0.0,0.0,0.0,1.6193501668735235,3.290624492134093,2.662876420544558,0.1566001004235324,0.3426978406915177,0.0139329499563941,0.0,0.0,0.0,0.0,1.320801958232136,3.4341758332706727,2.776166296412139,3.3804320699138293,6.671056562047922,11.938307972399478,24.202435716806544,6.814607903184502,12.459108849082929,24.723236593489993,1.6193501668735235,1.320801958232136
Phthalic anhydride; terephthalic acid and its salts,Terephthalic acid,3.491283735,0.801997263,0.578390417,0.0,0.0,0.0,0.0,0.0,1.6028377513517584,0.0,0.0,2.522800194720736,2.023278851261897,0.0,0.0,0.0,0.0,0.0,1.5862268127062071,0.0,0.0,2.5077724736246974,2.011226660073747,2.1192560038092583,4.642056198529994,8.80781128648334,16.2067353028837,4.627028477433956,8.755345248246623,16.154269264646985,1.6028377513517584,1.5862268127062071
"Buta-1,3-diene and isoprene",Butadiene,2.808940257,0.996817214,0.888223331,0.0,0.0,0.0,0.0,0.0,0.0,0.0,0.0,2.668062195900209,2.6595703248959683,0.0,0.0,0.0,0.0,0.0,0.0,0.0,0.0,2.7221810111665787,2.713516891554772,3.254501754556573,5.922563950456782,7.494427310243918,16.63612830509501,5.976682765723152,7.64644382910677,16.78814482395786,0.0,0.0
Butene (butylene) and isomers thereof,Butylene,2.000046666,0.999976668,0.856322966,0.0,0.0,0.0,0.0,0.0,0.0,0.0,0.0,1.8237710289510107,1.8237284767253632,0.0,0.0,0.0,0.0,0.0,0.0,0.0,0.0,1.9168250578465007,1.9167803344842516,3.137616968669886,4.961387997620896,3.6476271660008583,9.923007523374089,5.054442026516387,3.8337395662511504,10.109119923624382,0.0,0.0
Ethylene glycol (ethanediol),Ethylene glycol,1.795747967,0.556871019,0.387014661,0.0,1.1060938114769638,0.0655472659548853,0.0,0.0,0.0,0.0,0.0,2.3143898688517264,1.0975334988174508,0.0,1.038473508069004,0.0,0.0,0.0,0.0,0.0,0.0,2.2670109110048853,1.142003408557278,1.4180441441969027,3.7324340130486293,4.156060901835884,6.702510790893728,3.685055055201788,4.070980234603841,6.617430123661684,0.0,0.0
Methyloxirane (propylene oxide),Propylene oxide,1.650938177,0.981686695,0.620402893,1.3987992789953565,0.0,0.008508454905967,0.0,0.0,0.0,0.0,0.0,3.995652602559848,3.886297433257045,1.047360621417805,0.0957331966624949,0.0,0.0,0.0,0.0,0.0,0.4424259658885245,3.888683062324504,3.83502039976742,2.2731921503652486,6.268844752925096,6.5965754235954615,10.349475128290173,6.161875212689752,6.419975325844794,10.172875030539506,0.0,0.4424259658885245
"1,2-Dichloroethane (ethylene dichloride)",Ethylene dichloride,1.202939382,0.756480346,0.242744543,0.0,0.5580699439847259,0.0,0.0,0.0,0.0,0.0,0.0,1.4122204082076308,1.0252944761210612,0.0,0.5631696825173407,0.0,0.0,0.0,0.0,0.0,0.0,1.470461002952138,1.0738714847165458,0.8894300718413954,2.3016504800490263,1.6988155450970752,2.768746006050179,2.3598910747935333,1.7688754501463453,2.838805911099449,0.0,0.0
p-Xylene,p-Xylene,1.191905947,0.465976359,0.905124341,0.0,0.0,0.0,0.0,0.0,2.327258921099156,0.0,0.0,2.3702606094396814,1.0511814863312154,0.0,0.0,0.0,0.0,0.0,2.316447848571368,0.0,0.0,2.359466342803156,1.0582345842310592,3.316428034557406,5.686688643997087,2.8251277163310005,6.777998013517494,5.675894377360562,2.812261965733422,6.7651322629199155,2.327258921099156,2.316447848571368
Toluene,Toluene,1.120381615,0.97878773,0.91249186,0.0,0.0,0.0,0.0,0.0,0.0,1.5751177768100937,0.0,1.6040022599866708,1.5699777309672234,0.0,0.0,0.0,0.0,0.0,0.0,1.5979644063152854,0.0,1.6269594505199287,1.5924479473764483,3.3434230510981604,4.947425311084832,1.7970946425075163,5.543004360125102,4.970382501618089,1.8228154567130306,5.568725174330615,1.5751177768100937,1.5979644063152854
Acetone,Acetone,1.090852807,0.92846916,0.620402893,0.539334101684794,0.0,0.0,0.0,0.0,0.0,0.0,0.9071427464272004,2.376465654043379,2.178158380711725,0.554948011517162,0.0,0.008350137577751,0.0,0.0,0.0,0.0,0.9251633215571772,2.421260440354468,2.2186031857520865,2.2731921503652486,4.649657804408628,2.5923742294523113,5.0720922675286095,4.694452590719717,2.641238747838728,5.120956785915026,0.9071427464272004,0.9251633215571772
Methanal (formaldehyde),Formaldehyde,0.931200527,0.977233124,0.400019983,0.0,0.0,0.9429961044228782,0.0,0.0,0.0,0.0,0.0,1.1685226086442286,1.1337710599253783,0.0,0.0,0.742619699724309,0.0,0.0,0.0,0.0,0.0,0.97168134640613,0.941402241084127,1.4656963976227626,2.6342190062669912,1.0881288689809205,2.4529861268692383,2.4373777440288924,0.9048301818494578,2.2696874397377758,0.0,0.0
Acetic acid,Acetic acid,0.888564975,0.168811515,0.400033306,0.0,0.0,0.7795821098664308,0.0,0.0,0.0,0.0,0.0,2.6002044602800143,0.4389444542496265,0.0,0.0,0.7172792088242714,0.0,0.0,0.0,0.0,0.0,2.586805019827585,0.4366824744066996,1.4657452138667888,4.065949674146803,2.310450611243599,3.612860470559512,4.052550233694374,2.2985443377729724,3.600954197088886,0.0,0.0
Oxirane (ethylene oxide),Ethylene oxide,0.886759378,0.994980261,0.545334847,0.0,1.4494602026406136,0.0,0.0,0.0,0.0,0.0,0.0,2.484765045114195,2.4722921731113985,0.0,1.502295738704725,0.0,0.0,0.0,0.0,0.0,0.0,2.585285252594336,2.572307795385764,1.9981384798620432,4.482903524976238,2.2033887058816055,3.975256741441936,4.583423732456379,2.292525942543126,4.064393978103457,0.0,0.0
Vinyl chloride (chloroethylene),Vinyl chloride,0.882272543,0.906749288,0.384352,0.0,0.7670356589969669,0.0,0.0,0.0,0.0,0.0,0.0,1.739933572172816,1.5686877051646273,0.0,0.8023183451681251,0.0,0.0,0.0,0.0,0.0,0.0,1.807199295588412,1.6252917963722506,1.4082880000000002,3.148221572172816,1.5350956173719845,2.7775894524083684,3.215487295588412,1.594442318226597,2.836936153262981,0.0,0.0
Aniline and its salts (excluding derivatives),Aniline,0.881884158,0.54958148,0.77382154,0.0,0.0,0.0,0.0,0.0,0.0,0.0,1.7982058689745963,4.041807001504555,2.0547061408094005,0.0,0.0,0.0,0.0,0.0,0.0,0.0,1.8139449147683748,4.034159169990329,2.0675814469175813,2.8353269631054867,6.877133964610042,3.5644055643203494,6.064835495833329,6.8694861330958155,3.5576610628649004,6.058090994377879,1.7982058689745963,1.8139449147683748
"Propylene glycol (propane-1,2-diol)",Propylene glycol,0.848026699,0.943366525,0.473557629,1.134531881564736,0.0,0.0153244479460153,0.0,0.0,0.0,0.0,0.0,3.680773134173952,3.3946330181231947,0.8597284334007407,0.0433255952904203,0.0153548972839565,0.0,0.0,0.0,0.0,0.3388878718037433,3.626399556729945,3.361533232449631,1.7351425938440597,5.415915728018011,3.1213938907414205,4.592841136893296,5.361542150574005,3.0752836453487586,4.546730891500634,0.0,0.3388878718037433
"Acrylonitrile-butadiene-styrene (ABS) copolymers, in primary forms",ABS,0.846217183,0.715351861,0.85265026,0.0,0.0,0.0,0.0,0.0,0.0,0.0,0.0,4.652506044090016,3.328178856953541,0.0,0.0,0.0,0.0,0.0,0.0,0.0,0.0,4.656313376600034,3.330902439350028,3.1241599610640245,7.77666600515404,3.9370305585203274,6.580748400013316,7.780473337664058,3.940252388711699,6.583970230204687,0.0,0.0
m-Xylene and mixed xylene isomers,m-Xylene,0.821433537,0.973907156,0.905124341,0.0,0.0,0.0,1.4880413743609309,0.0,0.0,0.0,0.0,1.5177448452169764,1.4761644857132832,0.0,0.0,0.0,1.4998748802747066,0.0,0.0,0.0,0.0,1.5296835500090231,1.489071445816751,3.316428034557406,4.834172879774382,1.2467265164700985,3.970951727102546,4.8461115845664295,1.2565333689746283,3.980758579607077,1.4880413743609309,1.4998748802747066
Cumene,Cumene,0.778495527,0.93458212,0.899400948,0.6704358100725063,0.0,0.0056968128416821,0.0,0.0,0.0,0.0,1.3125434928424282,2.3120532378796192,2.138970283954067,0.6961559893489705,0.0,0.014758325816243,0.0,0.0,0.0,0.0,1.339129553812295,2.373499806389364,2.1949361958265854,3.295457190952627,5.607510428832246,1.7999231038751506,4.365421786451755,5.668956997341991,1.847758982609486,4.413257665186091,1.3125434928424282,1.339129553812295
Acrylonitrile,Acrylonitrile,0.705069102,0.850980419,0.679099133,2.025610689810081,0.0,0.3398158855555941,0.0,0.0,0.0,0.0,0.0,4.253078333665255,3.61928638242228,2.3811099896521606,0.0,0.7273549032402339,0.0,0.0,0.0,0.0,0.0,4.560201982906637,3.880642594138521,2.4882585749893433,6.741336908654598,2.9987141214530175,4.753108360464553,7.0484605578959805,3.215257517026602,4.969651756038138,0.0,0.0
Cyclohexane,Cyclohexane,0.683315016,0.351228927,0.856297529,0.0,0.0,0.0,0.0,0.0,0.0,0.0,2.104273445064761,3.346810954946915,1.1754968205778504,0.0,0.0,0.0,0.0,0.0,0.0,0.0,2.020426921183112,3.2313182200490407,1.1349324312233746,3.137523766027891,6.484334720974806,2.2869261812285266,4.430843283612255,6.368841986076932,2.2080082612339016,4.351925363617631,2.104273445064761,2.020426921183112
Adipic acid; its salts and esters,Adipic acid,0.667655569,0.855143012,0.493129875,0.0,0.0,0.0,0.0,0.0,0.0,0.0,1.4184179167328674,9.370551373579202,8.013161525703255,0.0,0.0,0.0,0.0,0.0,0.0,0.0,1.361899876262209,9.267494796069144,7.925033413604893,1.8068564373386895,11.177407810917892,6.256300809170754,7.46265857194343,11.074351233407834,6.187494511274084,7.393852274046759,1.4184179167328674,1.361899876262209
Propan-1-ol (propyl alcohol) and propan-2-ol (isopropyl alcohol),Isopropanol,0.667347651,0.809173448,0.599550749,1.4236029187682464,0.0,0.0739666859649793,0.0,0.0,0.0,0.0,0.0,2.36097997664926,1.803442562343444,1.5337033955320207,0.0,0.1420422154110225,0.0,0.0,0.0,0.0,0.0,2.46268119121458,1.846284590151012,2.1967886864325203,4.557768663081781,1.5755944414749186,3.0416162111090372,4.6594698776471,1.6434645081189319,3.10948627775305,0.0,0.0
Ethylbenzene,Ethylbenzene,0.64249726,0.933856123,0.905124341,0.0,0.4740723472411504,0.0,0.0,0.0,0.0,0.0,1.5328938716295522,2.6707240109587675,2.4956500228657124,0.0,0.4839127030145402,0.0,0.0,0.0,0.0,0.0,1.5703090267072028,2.3873646716043595,2.2307271297497486,3.316428034557406,5.987152045516174,1.715932859257218,3.846728784447537,5.7037927061617655,1.5338752601266006,3.6646711853169194,1.5328938716295522,1.5703090267072028
Esters of acrylic acid,Esters of acrylic acid,0.604861873,0.661308007,0.655985457,1.5141786364768763,0.0,0.084834186786094,0.0,0.0,0.0,0.0,0.0,5.047447528572425,3.258252315906878,1.6122144512275498,0.0,0.3163323619329692,0.0,0.0,0.0,0.0,0.0,4.705981085954575,2.958358711865372,2.403568726759887,7.451016255332312,3.0530085660015382,4.506835647953749,7.109549812714462,2.846468533953059,4.300295615905269,0.0,0.0
"Ethylene-vinyl acetate copolymers, in primary forms",Ethylene-vinyl acetate,0.593659673,0.842233392,0.631382513,0.0,1.690666449787671,0.1138749484018097,0.0,0.0,0.0,0.0,0.0,2.835619250036055,2.319138752300471,0.0,1.7354208899937484,0.1310591337248194,0.0,0.0,0.0,0.0,0.0,2.897222110061011,2.3809520144326046,2.3134221142799936,5.149041364316048,1.6833927967289095,3.056778212603339,5.210644224341005,1.7199639304671899,3.0933493463416193,0.0,0.0
Butan-1-ol (n-butyl alcohol),n-Butanol,0.507331541,0.788439054,0.648192121,1.266791658703962,0.0,0.137365223157676,0.0,0.0,0.0,0.0,0.0,3.844128516632287,3.0308610511079834,1.3655939761416696,0.0,0.3558622646594303,0.0,0.0,0.0,0.0,0.0,4.007689262346689,3.159818730730582,2.375013492056365,6.219142008688652,1.9502476441451024,3.1551668989658492,6.382702754403054,2.033227169315499,3.2381464241362456,0.0,0.0
Hexamethylenediamine and its salts; ethylenediamine and its salts,Hexamethylenediamine,0.443739559,0.90142966,0.620189329,0.4381389622386978,0.0,0.0106527491441762,0.0,0.0,0.0,0.0,0.0,5.571048078687225,4.993056449261193,0.1347293331924853,0.0,0.0,0.0,0.0,0.0,0.0,0.0,4.564966539907278,4.040003769452793,2.2724096394938806,7.843457718181106,2.4720944176044664,3.4804524689008303,6.837376179401159,2.0256562392682116,3.034014290564575,0.0,0.0
Ethyl acetate,Ethyl acetate,0.377601386,0.119173291,0.545272954,0.0,0.5465943556131254,0.3611489531563642,0.0,0.0,0.0,0.0,0.0,3.986381388426595,0.4750701892399466,0.0,0.4467178305436369,0.334776908470448,0.0,0.0,0.0,0.0,0.0,3.954084594972889,0.4712212740753213,1.9979117003235367,5.984293088750132,1.5052631373944867,2.2596773645422705,5.951996295296426,1.4930678234230115,2.2474820505707958,0.0,0.0
"Polyacetals, in primary forms",Polyoxymethylene,0.334412816,0.59226284,0.400019983,0.0,0.0,0.0,0.0,0.0,0.0,0.0,0.0,3.64,2.1558367376,0.0,0.0,0.0,0.0,0.0,0.0,0.0,0.0,3.64,2.1558367376,1.4656963976227626,5.105696397622763,1.2172626502400001,1.707410309970084,5.105696397622763,1.2172626502400001,1.707410309970084,0.0,0.0
"2,2-Oxydiethanol (diethylene glycol; digol)",Diethylene glycol,0.321846701,0.186424157,0.452732755,0.0,1.3623866679935863,0.1376717447028424,0.0,0.0,0.0,0.0,0.0,3.0184667058855856,0.4289002259788021,0.0,1.2139605831302398,0.0,0.0,0.0,0.0,0.0,0.0,2.8446504964868105,0.4463119733213541,1.6588390487715428,4.677305754657128,0.9714835513676131,1.5053754267047121,4.503489545258353,0.915541377792292,1.4494332531293912,0.0,0.0
Esters of methacrylic acid,Methyl methacrylate,0.321638245,0.27981747,0.599830204,0.6456541390273508,0.0,0.4514149623437355,0.0,0.0,0.0,0.0,0.5623986049119059,6.62288749073993,1.6926826345137254,0.2626270193979044,0.0,0.3535569728973983,0.0,0.0,0.0,0.0,0.5496294761990482,6.189752540089171,1.5039940334375268,2.197812625746066,8.820700116485996,2.1301739093540446,2.8370745051378514,8.387565165835237,1.990861143978573,2.6977617397623797,0.5623986049119059,0.5496294761990482
o-Xylene,o-Xylene,0.318208407,0.448046167,0.905124341,0.0,0.0,0.0,0.0,2.345892251185357,0.0,0.0,0.0,2.388075712871382,1.021185324556529,0.0,0.0,0.0,0.0,2.336440935303117,0.0,0.0,0.0,2.3786465401490444,1.0279338475038386,3.316428034557406,5.704503747428788,0.7599057683881919,1.8152210501948451,5.69507457470645,0.756905326356889,1.8122206081635421,2.345892251185357,2.336440935303117
Chloromethane (methyl chloride) and chloroethane (ethyl chloride),Chloromethane,0.300894106,0.997028503,0.237888691,0.0,0.0,0.5986010605873526,0.0,0.0,0.0,0.0,0.0,2.8318777886917186,2.8234628723382547,0.0,0.0,0.4703990150163087,0.0,0.0,0.0,0.0,0.0,2.722984997439348,2.714893655688412,0.8716379487319125,3.703515737423631,0.8520953355296516,1.1143660568690141,3.59462294617126,0.8193301364559249,1.0816008577952874,0.0,0.0
Butanal (butyraldehyde; normal isomer),Butanal,0.3,1.0,0.666259881,1.266791658703962,0.0,0.137365223157676,0.0,0.0,0.0,0.0,0.0,3.844128516632287,3.844128516632287,1.3655939761416696,0.0,0.3558622646594303,0.0,0.0,0.0,0.0,0.0,4.007689262346689,4.007689262346689,2.4412148116667223,6.285343328299009,1.1532385549896862,1.8856029984897027,6.448904074013411,1.2023067787040067,1.9346712222040232,0.0,0.0
"4,4-Isopropylidenediphenol (bisphenol A; diphenylolpropane) and its salts",Bisphenol A,0.258032226,0.775096983,0.78919357,0.6346598992744933,0.0,0.0,0.0,0.0,0.0,0.0,1.2382214411926995,3.955693448032608,2.942318093144354,0.5996370961511396,0.0,0.0,0.0,0.0,0.0,0.0,1.2234230060695188,4.012470560494862,2.984520772436692,2.891650971786696,6.847344419819304,1.020696385769469,1.7668355228346535,6.9041215322815574,1.0353467104839567,1.7814858475491409,1.2382214411926995,1.2234230060695188
Acetic anhydride,Acetic anhydride,0.215273632,0.011148602,0.470604369,0.0,0.3236240082099783,0.6979407038043185,0.0,0.0,0.0,0.0,0.0,5.174229860614852,0.0576854293725104,0.0,0.2054993495929204,0.6386668986566801,0.0,0.0,0.0,0.0,0.0,5.144422246818696,0.0573531161497274,1.7243216780718509,6.898551538686703,1.113875254897413,1.485076245272275,6.868743924890547,1.107458461614261,1.4786594519891232,0.0,0.0
Toluene diisocyanate (TDI),Toluene diisocyanate,0.242141968,0.886320477,0.620687873,0.0,0.0,0.0,0.0,0.0,0.0,0.9202584393613648,0.0,5.795653697314272,4.980719046579562,0.0,0.0,0.0,0.0,0.0,0.0,0.9141660574315764,0.0,5.80094731985242,4.98770194682881,2.274236333598951,8.069890030913223,1.4033709921141542,1.9540590536289089,8.07518365345137,1.4046528002933905,1.955340861808145,0.9202584393613648,0.9141660574315764
Methylene diphenyl diisocyanate (MDI),Methylene diphenyl diisocyanate,0.807139894,0.886320477,0.71994006,0.0,0.0,0.1405640242401885,0.0,0.0,0.0,0.0,1.278537703903473,4.359412929514408,3.68845266311927,0.0,0.0,0.1123607398802067,0.0,0.0,0.0,0.0,1.2984376861299811,4.370236613659861,3.708523502431931,2.637902098121722,6.99731502763613,3.518656089830489,5.647812109690833,7.008138711781583,3.527392317104339,5.656548336964683,1.278537703903473,1.2984376861299811
"Polyamide -6,6 (PA 66)","Polyamide -6,6",1.089108418,0.877484426,0.642585823,0.0,0.0,0.0,0.0,0.0,0.0,0.0,0.0,8.258321914997847,7.241229475936513,0.0,0.0,0.0,0.0,0.0,0.0,0.0,0.0,8.258557951455654,7.241448818998415,2.3544716913168764,10.612793606314723,8.994207916178034,11.558482855133942,10.61302964277253,8.994464985471186,11.558739924427094,0.0,0.0
Polyamide -6 (PA 6),Polyamide -6,1.281304022,0.877484426,0.61827385,0.0,0.0,0.0,0.0,0.0,0.0,0.0,0.0,9.3128698681962,8.166356993287401,0.0,0.0,0.0,0.0,0.0,0.0,0.0,0.0,9.31335699650303,8.166795400904917,2.2653912134418452,11.578261081638045,11.932617618482402,14.835272491668897,11.578748209944875,11.933241777941173,14.835896651127669,0.0,0.0
,Polyethylene,16.341803400000003,0.7971671524179302,0.8562771799999999,0.0,2.025324720781359,0.20909821864091332,0.0,0.0,0.0,0.0,0.0,2.8520679301439484,2.2731411394179712,0.0,1.8783382578563803,0.10352275046508241,0.0,0.0,0.0,0.0,0.0,2.520388747758837,1.9489411783225767,3.1374492061127297,5.989517136256678,46.60793339785735,97.87951150163767,5.657837953871567,41.18769740744712,92.45927551122745,0.0,0.0
,Polyethylene terephthalate,4.221520876,0.625367036537775,0.648542117,0.0,0.3804677936268156,0.0,0.0,0.0,1.396252000674409,0.0,0.0,3.752403852968826,2.346629677424043,0.0,0.21620964009079552,0.0,0.0,0.0,1.3817820043835358,0.0,0.0,3.700445568512595,2.3141366790500633,2.376295897681542,6.128699750650368,15.840851200490732,25.872433940106518,6.076741466194137,15.621508217977606,25.653090957593395,1.396252000674409,1.3817820043835358
,Polystyrene,3.456541636,0.907604472598665,0.922574699,0.0,0.0,0.0,0.0,0.0,0.0,0.0,0.0,6.807903684839972,6.2553832824846705,0.08177211465881629,0.1928802299044911,0.0,0.0,0.0,0.0,0.0,1.0552573131028635,6.84413799305014,6.266899508085584,3.380367157463242,10.188270842303215,23.531802540527185,35.21618236526585,10.224505150513382,23.657047935507286,35.34142776024595,0.0,1.0552573131028635
,Polyvinyl acetate,1.165635864,0.9436909363212154,0.5580684636641021,0.0,0.6081548328224892,0.542040560265894,0.0,0.0,0.0,0.0,0.0,3.766481836784458,3.531681658516345,0.0,0.6280839338044701,0.4915870119479556,0.0,0.0,0.0,0.0,0.0,3.7929504180900353,3.5579418492636288,2.044795189192696,5.811277025977153,4.390346310060559,6.773832917118229,5.837745607282731,4.421199037699539,6.80468564475721,0.0,0.0
,Polyvinyl chloride,5.798768498,0.8985534710040173,0.384352,0.0,0.7747474129222877,0.0,0.0,0.0,0.0,0.0,0.0,2.3898169088201087,2.105984731892233,0.0,0.808050989817755,0.0,0.0,0.0,0.0,0.0,0.0,2.4470808920183122,2.168122774275222,1.4082880000000002,3.798104908820109,13.857995006853786,22.02433109736521,3.8553688920183125,14.190055588693529,22.356391679204954,0.0,0.0
