freq,reporter,product,product label,PRODQNT value,PRODQNT year,PRODQNT unit,EXPQNT value,EXPQNT year,EXPQNT unit,IMPQNT value,IMPQNT year,IMPQNT unit
A,EU27_2020,20141120,Saturated acyclic hydrocarbons,861284640,2019,KG,94938259,2019,KG,1993784447,2019,KG
A,EU27_2020,20141130,Ethylene,9817689027,2019,KG,280758738,2019,KG,1418579590,2019,KG
A,EU27_2020,20141140,Propene (propylene),9792446126,2019,KG,124453445,2019,KG,845569901,2019,KG
A,EU27_2020,20141150,Butene (butylene) and isomers thereof,1674613555,2019,KG,95308472,2019,KG,66119,2019,KG
A,EU27_2020,20141160,"Buta-1,3-diene and isoprene",2742866596,2019,KG,298433161,2019,KG,27881078,2019,KG
A,EU27_2020,20141165,Unsaturated acyclic hydrocarbons; buta-1.3-diene,: ,2019,: ,: ,2019,: ,: ,2019,: 
A,EU27_2020,20141167,Unsaturated acyclic hydrocarbons; Isoprene,: ,2019,: ,: ,2019,: ,: ,2019,: 
A,EU27_2020,20141190,"Unsaturated acyclic hydrocarbons (excluding ethylene, propene, butene, buta-1,3-diene and isoprene)",946317441,2019,KG,124002539,2019,KG,349604452,2019,KG
A,EU27_2020,20141213,Cyclohexane,608450270,2019,KG,5029620,2019,KG,463070237,2019,KG
A,EU27_2020,20141215,Cyclanes; cyclenes and cycloterpenes (excluding cyclohexane),100000000,2019,KG,36477436,2019,KG,67517838,2019,KG
A,EU27_2020,20141223,Benzene,5406482633,2019,KG,113144308,2019,KG,1030258210,2019,KG
A,EU27_2020,20141225,Toluene,1279401108,2019,KG,210931571,2019,KG,50491828,2019,KG
A,EU27_2020,20141243,o-Xylene,229557755,2019,KG,23182840,2019,KG,113572389,2019,KG
A,EU27_2020,20141245,p-Xylene,895504408,2019,KG,369289430,2019,KG,466476317,2019,KG
A,EU27_2020,20141247,m-Xylene and mixed xylene isomers,932028815,2019,KG,3284692,2019,KG,37675130,2019,KG
A,EU27_2020,20141250,Styrene,2880904684,2019,KG,592906998,2019,KG,780445063,2019,KG
A,EU27_2020,20141260,Ethylbenzene,566842570,2019,KG,1574253,2019,KG,172820488,2019,KG
A,EU27_2020,20141270,Cumene,1117467000,2019,KG,214701,2019,KG,240567437,2019,KG
A,EU27_2020,20141290,Other cyclic hydrocarbons,599253882,2019,KG,28939953,2019,KG,25394624,2019,KG
A,EU27_2020,20141313,Chloromethane (methyl chloride) and chloroethane (ethyl chloride),210000000,2019,KG,28552713,2019,KG,5877794,2019,KG
A,EU27_2020,20141315,Dichloromethane (methylene chloride),120000000,2019,KG,81351035,2019,KG,3226171,2019,KG
A,EU27_2020,20141323,Chloroform (trichloromethane),120000000,2019,KG,6537527,2019,KG,3045872,2019,KG
A,EU27_2020,20141325,Carbon tetrachloride,26721000,2019,KG,2123016,2019,KG,546,2019,KG
A,EU27_2020,20141353,"1,2-Dichloroethane (ethylene dichloride)",1000000000,2019,KG,173165102,2019,KG,418388518,2019,KG
A,EU27_2020,20141357,"Saturated chlorinated derivatives of acyclic hydrocarbons, n.e.c.",116056666,2019,KG,24805630,2019,KG,982711,2019,KG
A,EU27_2020,20141371,Vinyl chloride (chloroethylene),822829309,2019,KG,17677019,2019,KG,91575627,2019,KG
A,EU27_2020,20141374,Trichloroethylene; tetrachloroethylene (perchloroethylene),96476439,2019,KG,72564995,2019,KG,12840110,2019,KG
A,EU27_2020,20141379,"Unsaturated chlorinated derivatives of acyclic hydrocarbons (excluding vinyl chloride, trichloroethylene, tetrachloroethylene)",160000000,2019,KG,23167244,2019,KG,3513061,2019,KG
A,EU27_2020,20141450,Derivatives of hydrocarbons containing only sulpho groups; their salts and ethyl esters,210260186,2019,KG,51283741,2019,KG,29683486,2019,KG
A,EU27_2020,20141470,Derivatives of hydrocarbons containing only nitro or only nitroso groups,45000000,2019,KG,28697153,2019,KG,25046989,2019,KG
A,EU27_2020,20141490,"Derivatives of hydrocarbons (excluding those containing only sulpho groups; their salts and ethyl esters, those containing only nitro or only nitroso groups)",38836855,2019,KG,5804871,2019,KG,14907414,2019,KG
A,EU27_2020,20141910,Fluorinated; brominated or iodinated derivatives of acyclic hydrocarbons,41522467,2019,KG,21141030,2019,KG,52667448,2019,KG
A,EU27_2020,20141930,Halogenated derivatives of acyclic hydrocarbons containing >= 2 different halogens,47840344,2019,KG,9366749,2019,KG,6937934,2019,KG
A,EU27_2020,20141950,"Halogenated derivatives of cyclanic, cyclenic or cycloterpenic hydrocarbons",3000000,2019,KG,117468,2019,KG,447159,2019,KG
A,EU27_2020,20141970,Halogenated derivatives of aromatic hydrocarbons,178136726,2019,KG,95446044,2019,KG,33073353,2019,KG
A,EU27_2020,20142100,Industrial fatty alcohols,300000000,2019,KG,151534135,2019,KG,245081813,2019,KG
A,EU27_2020,20142210,Methanol (methyl alcohol),1200000000,2019,KG,465543413,2019,KG,6504716635,2019,KG
A,EU27_2020,20142220,Propan-1-ol (propyl alcohol) and propan-2-ol (isopropyl alcohol),316272147,2019,KG,93302861,2019,KG,123058079,2019,KG
A,EU27_2020,20142230,Butan-1-ol (n-butyl alcohol),236971246,2019,KG,31892022,2019,KG,164422789,2019,KG
A,EU27_2020,20142240,Butanols (excluding butan-1-ol (n-butyl alcohol)),66153375,2019,KG,25845138,2019,KG,22366103,2019,KG
A,EU27_2020,20142263,Octanol (octyl alcohol) and isomers thereof,426168674,2019,KG,160859338,2019,KG,17662408,2019,KG
A,EU27_2020,20142265,"Lauryl alcohol; cetyl alcohol; stearyl alcohol and other saturated monohydric alcohols (excluding methyl, propyl and isopropyl, n-butyl, other butanols, octyl)",360000000,2019,KG,190240622,2019,KG,61357529,2019,KG
A,EU27_2020,20142270,Unsaturated monohydric alcohols,17347849,2019,KG,7880560,2019,KG,20380731,2019,KG
A,EU27_2020,20142310,Ethylene glycol (ethanediol),1052439255,2019,KG,115708314,2019,KG,870400383,2019,KG
A,EU27_2020,20142320,"Propylene glycol (propane-1,2-diol)",669561750,2019,KG,100280812,2019,KG,49344702,2019,KG
A,EU27_2020,20142333,D-glucitol (sorbitol),404987207,2019,KG,6320533,2019,KG,2704872,2019,KG
A,EU27_2020,20142337,"Diols and polyhydric alcohols (excluding ethylene glycol and propylene glycol, D-glucitol and tetramethylene glycol having a bio-based carbon content of 100 % by mass)",650000000,2019,KG,137272514,2019,KG,131728247,2019,KG
A,EU27_2020,20142338,"Butane-1,4-diol or tetramethylene glycol (1,4-butanediol) having a bio-based carbon content of 100 % by mass",70000000,2019,KG,1144368,2019,KG,26388846,2019,KG
A,EU27_2020,20142339,"Diols and polyhydric alcohols (excluding ethylene glycol and propylene glycol, D-glucitol)",: ,2019,: ,: ,2019,: ,: ,2019,: 
A,EU27_2020,20142350,"Halogenated, sulphonated, nitrated or nitrosated derivatives of acyclic alcohols",8005943,2019,KG,2250339,2019,KG,3666324,2019,KG
A,EU27_2020,20142360,"Glycerol (including synthetic; excluding crude, waters and lyes)",601480482,2019,KG,180370918,2019,KG,52075139,2019,KG
A,EU27_2020,20142373,"Cyclanic, cyclenic or cycloterpenic alcohols and their halogenated, sulphonated, nitrated or nitrosated derivatives",60002309,2019,KG,17838368,2019,KG,12265744,2019,KG
A,EU27_2020,20142375,"Aromatic alcohols and their halogenated, sulphonated, nitrated or nitrosated derivatives",21000000,2019,KG,20557421,2019,KG,15579494,2019,KG
A,EU27_2020,20142410,Monophenols,1966372084,2019,KG,125976851,2019,KG,175036714,2019,KG
A,EU27_2020,20142433,"4,4-Isopropylidenediphenol (bisphenol A; diphenylolpropane) and its salts",300000000,2019,KG,7916916,2019,KG,48361171,2019,KG
A,EU27_2020,20142439,"Polyphenols (including salts; excluding 4,4 isopropylidenediphenol) and phenol-alcohols",16483610,2019,KG,16785120,2019,KG,15340618,2019,KG
A,EU27_2020,20142450,"Halogenated, sulphonated, nitrated or nitrosated derivatives of phenols or phenol-alcohols",6264338,2019,KG,2772291,2019,KG,5561221,2019,KG
A,EU27_2020,20143120,Industrial stearic acid,210000000,2019,KG,25938823,2019,KG,92022573,2019,KG
A,EU27_2020,20143130,Industrial oleic acid,116373570,2019,KG,12988922,2019,KG,61653431,2019,KG
A,EU27_2020,20143150,Industrial tall oil fatty acids,157634558,2019,KG,28849185,2019,KG,21297683,2019,KG
A,EU27_2020,20143195,"Industrial monocarboxylic fatty acids distilled (excluding stearic, oleic tall oil)",400000000,2019,KG,71756906,2019,KG,186289261,2019,KG
A,EU27_2020,20143197,"Industrial monocarboxylic fatty acids (excluding stearic, oleic, tall oil, distilled)",177875247,2019,KG,73763151,2019,KG,1384545410,2019,KG
A,EU27_2020,20143215,Ethyl acetate,36000000,2019,KG,26894837,2019,KG,347703984,2019,KG
A,EU27_2020,20143219,Esters of acetic acid (excluding ethyl acetate),637080618,2019,KG,157830975,2019,KG,807566206,2019,KG
A,EU27_2020,20143220,"Mono-, di- or tri-chloroacetic acids; propionic, butanoic and pentanoic acids; their salts and esters",383296407,2019,KG,225307964,2019,KG,89229495,2019,KG
A,EU27_2020,20143230,"Palmitic acid, its salts and esters",: ,2019,: ,: ,2019,: ,: ,2019,: 
A,EU27_2020,20143235,"Palmitic acid, stearic acid, their salts and esters",187867807,2019,KG,31021660,2019,KG,51509846,2019,KG
A,EU27_2020,20143240,"Stearic acid, its salts and esters",: ,2019,: ,: ,2019,: ,: ,2019,: 
A,EU27_2020,20143250,"Formic acid, its salts and esters",379667588,2019,KG,58102210,2019,KG,119526418,2019,KG
A,EU27_2020,20143271,Acetic acid,175203694,2019,KG,56799171,2019,KG,1082471420,2019,KG
A,EU27_2020,20143277,Acetic anhydride,900000,2019,KG,8406238,2019,KG,229458293,2019,KG
A,EU27_2020,20143278,Salts of acetic acid,60075174,2019,KG,22538817,2019,KG,16382236,2019,KG
A,EU27_2020,20143280,Lauric acid and others; salts and esters,340000000,2019,KG,186500168,2019,KG,176024738,2019,KG
A,EU27_2020,20143310,Acrylic acid and its salts and other monocarboxylic acid,423283936,2019,KG,53713988,2019,KG,80673367,2019,KG
A,EU27_2020,20143320,Esters of acrylic acid,588789183,2019,KG,188954201,2019,KG,189665077,2019,KG
A,EU27_2020,20143330,Methacrylic acid and its salts,50000000,2019,KG,7227203,2019,KG,26974150,2019,KG
A,EU27_2020,20143340,Esters of methacrylic acid,201480335,2019,KG,64551168,2019,KG,251439108,2019,KG
A,EU27_2020,20143350,"Oleic, linoleic or linolenic acids; their salts and esters",38060206,2019,KG,11195657,2019,KG,8278783,2019,KG
A,EU27_2020,20143363,Benzoic acid; its salts and esters,159495729,2019,KG,94439919,2019,KG,27637651,2019,KG
A,EU27_2020,20143365,Benzoyl peroxide and benzoyl chloride,44433213,2019,KG,21547696,2019,KG,5185031,2019,KG
A,EU27_2020,20143367,Phenylacetic acid; its salts and esters,452889,2019,KG,63489,2019,KG,258239,2019,KG
A,EU27_2020,20143370,"Aromatic monocarboxylic acids, (anhydrides), halides, peroxides, peroxyacids, derivatives excluding benzoic acid, phenylacetic acids their salts/esters, benzoyl peroxide, benzoyl chloride",200000000,2019,KG,2637164,2019,KG,16307198,2019,KG
A,EU27_2020,20143381,"Oxalic, azelaic, malonic, other, cyclanic, cylenic or cycloterpenic polycarboxylic acids, salts (excluding butanedioic acid having a bio-based carbon content of 100 % by mass)",197690655,2019,KG,22275611,2019,KG,88601174,2019,KG
A,EU27_2020,20143382,"Ethane-1,2-dicarboxylic acid or butanedioic acid (succinic acid) having a bio-based carbon content of 100 % by mass",80000,2019,KG,2336209,2019,KG,327084,2019,KG
A,EU27_2020,20143383,"Oxalic, azelaic, malonic, other, cyclanic, cylenic or cycloterpenic polycarboxylic acids, salts",: ,2019,: ,: ,2019,: ,: ,2019,: 
A,EU27_2020,20143385,Adipic acid; its salts and esters,400000000,2019,KG,8614841,2019,KG,67809488,2019,KG
A,EU27_2020,20143387,Maleic anhydride,40000000,2019,KG,2357403,2019,KG,50567038,2019,KG
A,EU27_2020,20143410,Dibutyl and dioctyl orthophthalates,150000000,2019,KG,: ,2019,KG,: ,2019,KG
A,EU27_2020,20143420,Other esters of orthophthalic acid,475430988,2019,KG,: ,2019,KG,: ,2019,KG
A,EU27_2020,20143430,Phthalic anhydride; terephthalic acid and its salts,3205054549,2019,KG,1043592979,2019,KG,786875190,2019,KG
A,EU27_2020,20143440,"Aromatic polycarboxylic acids, their anhydrides, halides, peroxides, peroxyacids and their halogenated, sulphonated, nitrated or nitrosated derivatives (excluding esters of orthophthalic acid, phthalic anhydride, terephthalic acid and its salts)",320000000,2019,KG,239796765,2019,KG,192839291,2019,KG
A,EU27_2020,20143473,Citric acid and its salts and esters,422900973,2019,KG,69781204,2019,KG,278729397,2019,KG
A,EU27_2020,20143475,"Carboxylic acid with alcohol, phenol, aldehyde or ketone functions",414540872,2019,KG,176964057,2019,KG,165221215,2019,KG
A,EU27_2020,201434Z1,Esters of orthophthalic acid,651912003,2019,KG,223480994,2019,KG,39438123,2019,KG
A,EU27_2020,20144113,Methylamine; di- or trimethylamine and their salts,113325732,2019,KG,18891813,2019,KG,8388095,2019,KG
A,EU27_2020,20144119,Other acylic monoamines and their derivatives; salts thereof,159741746,2019,KG,51177823,2019,KG,42246780,2019,KG
A,EU27_2020,20144123,Hexamethylenediamine and its salts; ethylenediamine and its salts,589609211,2019,KG,58662623,2019,KG,99459183,2019,KG
A,EU27_2020,20144129,Other acyclic polyamines and their derivatives; salts thereof,101317296,2019,KG,55675874,2019,KG,16948054,2019,KG
A,EU27_2020,20144130,"Cyclanic, cyclenic or cycloterpenic mono- or polyamines, and their derivatives; salts thereof",80000000,2019,KG,47583070,2019,KG,5471621,2019,KG
A,EU27_2020,20144151,Aniline and its salts (excluding derivatives),541632905,2019,KG,47725553,2019,KG,393559274,2019,KG
A,EU27_2020,20144153,Aniline derivatives and their salts,6000000,2019,KG,2457277,2019,KG,15521675,2019,KG
A,EU27_2020,20144159,Other aromatic monoamines and their derivatives; salts thereof,118288762,2019,KG,79354797,2019,KG,21986927,2019,KG
A,EU27_2020,20144170,Aromatic polyamines and their derivatives; salts thereof,29918329,2019,KG,52521836,2019,KG,46602253,2019,KG
A,EU27_2020,20144233,Monoethanolamine and its salts,130584083,2019,KG,16812460,2019,KG,53095570,2019,KG
A,EU27_2020,20144235,Diethanolamine and its salts,44256214,2019,KG,37247162,2019,KG,14369175,2019,KG
A,EU27_2020,20144237,Triethanolamine and its salts,: ,2019,: ,: ,2019,: ,: ,2019,: 
A,EU27_2020,20144238,"Amino-alcohols, their ethers and esters with only 1 oxygen function and their salts (excluding monoethanolamine and its salts, diethanolamine and its salts)",243118371,2019,KG,79493017,2019,KG,82756771,2019,KG
A,EU27_2020,20144239,"Amino-alcohols, their ethers and esters with only 1 oxygen function and their salts (excluding monoethanolamine and its salts, diethanolamine and its salts, triethanolamine and its salts)",: ,2019,: ,: ,2019,: ,: ,2019,: 
A,EU27_2020,20144290,"Oxygen-function amino-compounds (excluding amino-alcohols, their esters and ethers and salts thereof, lysine and its salts and esters, glutamic acid its salts and esters)",273239320,2019,KG,110926987,2019,KG,312192600,2019,KG
A,EU27_2020,20144310,Ureines and their derivatives; salts thereof,3710796,2019,KG,3526694,2019,KG,2788375,2019,KG
A,EU27_2020,20144320,Saccharin and its salts,630000,2019,KG,1242749,2019,KG,3403122,2019,KG
A,EU27_2020,20144330,"Imides and their derivatives, and salts thereof (excluding saccharin and its salts)",21000000,2019,KG,6388437,2019,KG,11189294,2019,KG
A,EU27_2020,20144340,Imines and their derivatives; and salts thereof,21250892,2019,KG,24783053,2019,KG,23226777,2019,KG
A,EU27_2020,20144350,Acrylonitrile,526728202,2019,KG,22678442,2019,KG,145465139,2019,KG
A,EU27_2020,20144360,1-Cyanoguanidine (dicyandiamide),12000000,2019,KG,4985578,2019,KG,4728240,2019,KG
A,EU27_2020,20144370,"Nitrile-function compounds (excluding acrylonitrile, 1-cyanoguanidine (dicyandiamide))",300000000,2019,KG,116751497,2019,KG,52317267,2019,KG
A,EU27_2020,20144420,"Diazo-, azo- or azoxy-compounds",2447684,2019,KG,1766746,2019,KG,19597510,2019,KG
A,EU27_2020,20144430,Organic derivatives of hydrazine or of hydroxylamine,300000000,2019,KG,5567311,2019,KG,14745381,2019,KG
A,EU27_2020,20144450,Isocyanates,1093665222,2019,KG,369916565,2019,KG,73260715,2019,KG
A,EU27_2020,20144490,Compounds with other nitrogen function (excluding isocyanates),45145105,2019,KG,6794392,2019,KG,15639793,2019,KG
A,EU27_2020,20145133,"Thiocarbamates and dithiocarbamates; thiuram mono-, di- or tetrasulphides; methionine",539528958,2019,KG,26862536,2019,KG,47737974,2019,KG
A,EU27_2020,20145139,Other organo-sulphur compounds,280000000,2019,KG,111242987,2019,KG,117335446,2019,KG
A,EU27_2020,20145150,Organo-inorganic compounds (excluding organo-sulphur compounds),: ,2019,: ,: ,2019,: ,: ,2019,: 
A,EU27_2020,20145151,Organo-inorganic compounds (excluding organo-sulphur compounds),178378695,2019,KG,143033958,2019,KG,291755530,2019,KG
A,EU27_2020,20145210,Heterocyclic compounds with oxygen only hetero-atom(s) (including coumarin; methylcoumarins and ethylcoumarins) (excluding other lactones),: ,2019,: ,: ,2019,: ,: ,2019,: 
A,EU27_2020,20145215,"Tetrahydrofuran, 2-Furaldehyde, Furfuryl alcohol, Tetrahydrofurfuryl alcohol and Piperonal",20890142,2019,KG,20810472,2019,KG,30448245,2019,KG
A,EU27_2020,20145225,Heterocyclic compounds with oxygen only hetero-atom(s) (excluding other lactones),73763082,2019,KG,20827015,2019,KG,40825943,2019,KG
A,EU27_2020,20145230,Heterocyclic compounds with nitrogen only hetero-atom(s); containing an unfused imidazole ring (excluding hydantoin and its derivatives),7120679,2019,KG,5235829,2019,KG,6084648,2019,KG
A,EU27_2020,20145260,Melamine,272775970,2019,KG,86134424,2019,KG,105887021,2019,KG
A,EU27_2020,20145280,"Compounds containing in the structure an unfused pyridine ring or a quinoline or isoquinoline ring-system, not further fused; lactames; other heterocyclic compounds with nitrogen hetero-atom(s) only (excluding compounds containing in the structure an unfused pyrazole ring, an unfused imidazole ring, a pyrimidine ring, a piperazine ring or an unfused triazine ring)",774029829,2019,KG,311100198,2019,KG,95727429,2019,KG
A,EU27_2020,20145290,"Nucleic acids and other heterocyclic compounds - thiazole, benzothiazole, other cycles",117294353,2019,KG,92353731,2019,KG,49817865,2019,KG
A,EU27_2020,20145350,Phosphoric esters; and their salts (including lactophosphates; their halogenated; sulphonated; nitrated or nitrosated derivatives),65516910,2019,KG,21769647,2019,KG,80876024,2019,KG
A,EU27_2020,20145380,"Esters of other inorganic acids of non-metals (excluding esters of hydrogen halides) and their salts; their halogenated, sulphonated, nitrated or nitrosated derivatives",160711000,2019,KG,78416635,2019,KG,82711717,2019,KG
A,EU27_2020,20146111,Methanal (formaldehyde),966504769,2019,KG,30057396,2019,KG,44722864,2019,KG
A,EU27_2020,20146113,Ethanal (acetaldehyde),30000000,2019,KG,4239981,2019,KG,156451,2019,KG
A,EU27_2020,20146115,Butanal (butyraldehyde; normal isomer),560332007,2019,KG,: ,2019,KG,: ,2019,KG
A,EU27_2020,20146119,"Acyclic aldehydes, without other oxygen function (excluding methanal (formaldehyde), ethanal (acetaldehyde), butanal (butyraldehyde; normal isomer))",210487418,2019,KG,: ,2019,KG,: ,2019,KG
A,EU27_2020,20146120,Cyclic aldehydes; without other oxygen function,28489760,2019,KG,18012635,2019,KG,8100808,2019,KG
A,EU27_2020,20146130,Aldehyde-alcohols,: ,2019,: ,: ,2019,: ,: ,2019,: 
A,EU27_2020,20146135,"Aldehyde-alcohols, Aldehyde-ethers, aldehyde-phenols and aldehydes with other oxygen function",4000000,2019,KG,5661621,2019,KG,6393404,2019,KG
A,EU27_2020,20146140,"Aldehyde-ethers, aldehyde-phenols and aldehydes with other oxygen function",: ,2019,: ,: ,2019,: ,: ,2019,: 
A,EU27_2020,20146150,Cyclic polymers of aldehydes,200,2019,KG,146589,2019,KG,922778,2019,KG
A,EU27_2020,20146160,Paraformaldehyde,123019675,2019,KG,20287132,2019,KG,574488,2019,KG
A,EU27_2020,20146170,"Halogenated, sulphonated, nitrated or nitrosated derivatives of cyclic polymers of aldehydes or paraformaldehyde",3000000,2019,KG,2823657,2019,KG,2490297,2019,KG
A,EU27_2020,201461Z0,"Acyclic aldehydes without other oxygen function (excluding methanal, ethanal)",770859425,2019,KG,67916632,2019,KG,37351993,2019,KG
A,EU27_2020,20146211,Acetone,1274691518,2019,KG,263028233,2019,KG,117031494,2019,KG
A,EU27_2020,20146213,Butanone (methyl ethyl ketone),108808558,2019,KG,53067474,2019,KG,63916138,2019,KG
A,EU27_2020,20146215,4-Methylpentan-2-one (methyl isobutyl ketone),24000000,2019,KG,3847546,2019,KG,27075759,2019,KG
A,EU27_2020,20146219,"Acyclic ketones; without other oxygen function (excluding acetone, butanone (methyl ethyl ketone), 4-methylpentan-2-one (methyl isobutyl ketone))",32265995,2019,KG,7442776,2019,KG,11857283,2019,KG
A,EU27_2020,20146231,Camphor; aromatic ketones without other oxygen function; ketone-alcohols; ketone-aldehydes; ketone-phenols and ketones with other oxygen function,65005138,2019,KG,: ,2019,KG,: ,2019,KG
A,EU27_2020,20146233,Cyclohexanone and methylcyclohexanones,77807795,2019,KG,24022202,2019,KG,16459580,2019,KG
A,EU27_2020,20146235,Ionones and methylionones,4000000,2019,KG,4654998,2019,KG,1541341,2019,KG
A,EU27_2020,20146239,"Cyclanic, cyclenic or cycloterpenic ketones without other oxygen function (excluding camphor, cyclohexanone and methylcyclohexanones, ionones and methylionones)",41680000,2019,KG,: ,2019,KG,: ,2019,KG
A,EU27_2020,20146260,Quinones,2550680,2019,KG,883195,2019,KG,1240922,2019,KG
A,EU27_2020,20146270,Halogenated; sulphonated; nitrated or nitrosated derivatives of ketones and quinones,4136132,2019,KG,5259780,2019,KG,3460959,2019,KG
A,EU27_2020,201462Z0,"Aromatic ketones without other oxygen function; ketone-alcohols and ketone-aldehydes; ketone-phenols and ketones with other oxygen function; other cyclanic, cyclenic or cycloterpenic ketones without other oxygen function",100000000,2019,KG,63502890,2019,KG,33694804,2019,KG
A,EU27_2020,20146310,"Acyclic ethers and their halogenated, sulphonated, nitrated or nitrosated derivatives",2016174630,2019,KG,368237627,2019,KG,332628698,2019,KG
A,EU27_2020,20146323,"Cyclanic, cyclenic or cycloterpenic ethers and their halogenated, sulphonated, nitrated or nitrosated derivatives",16000000,2019,KG,444695,2019,KG,496484,2019,KG
A,EU27_2020,20146325,"Aromatic ethers and their halogenated, sulphonated, nitrated or nitrosated derivatives",30000000,2019,KG,7794635,2019,KG,13658058,2019,KG
A,EU27_2020,20146333,"2,2-Oxydiethanol (diethylene glycol; digol)",93200592,2019,KG,32809279,2019,KG,285163739,2019,KG
A,EU27_2020,20146339,"Ether-alcohols and their halogenated, sulphonated, nitrated or nitrosated derivatives (excluding 2,2-Oxydiethanol)",527309190,2019,KG,250973926,2019,KG,97790479,2019,KG
A,EU27_2020,20146350,"Ether-phenols; ether-alcohol-phenols and their halogenated, sulphonated, nitrated or nitrosated derivatives",9088154,2019,KG,4912629,2019,KG,3519761,2019,KG
A,EU27_2020,20146360,"Alcohol, ether and ketone peroxides and their halogenated, sulphonated, nitrated or nitrosated derivatives",32000000,2019,KG,20747621,2019,KG,13622476,2019,KG
A,EU27_2020,20146361,"Alcohol peroxides, ether peroxides, acetal and hemiacetal peroxides, ketone peroxides and their halogenated, sulphonated, nitrated or nitrosated derivatives",: ,2019,: ,: ,2019,: ,: ,2019,: 
A,EU27_2020,20146373,Oxirane (ethylene oxide),940841433,2019,KG,26543405,2019,KG,17281252,2019,KG
A,EU27_2020,20146375,Methyloxirane (propylene oxide),1641804660,2019,KG,29173221,2019,KG,70967677,2019,KG
A,EU27_2020,20146379,"Epoxides, epoxyalcohols, -phenols, epoxyethers, with a 3-membered ring and their halogenated, sulphonated, nitrated/nitrosated derivatives excluding oxirane, methyloxirane (propylene oxide)",149259605,2019,KG,51009710,2019,KG,35148316,2019,KG
A,EU27_2020,20146380,Acetals and hemiacetals and their halogenated; sulphonated; nitrated or nitrosated derivatives,16792979,2019,KG,3535262,2019,KG,987930,2019,KG
A,EU27_2020,20146381,Acetals and hemiacetals and their halogenated; sulphonated; nitrated or nitrosated derivatives,: ,2019,: ,: ,2019,: ,: ,2019,: 
A,EU27_2020,20146430,"Other organic compounds, n.e.c.",561860613,2019,KG,3663448,2019,KG,3583960,2019,KG
A,EU27_2020,20146450,Rennet and concentrates thereof,14027000,2019,KG,3950743,2019,KG,719190,2019,KG
A,EU27_2020,20146470,Enzymes; prepared enzymes (not elsewhere specified or included) (excluding rennet and concentrates),293982025,2019,KG,144292618,2019,KG,43819180,2019,KG
A,EU27_2020,20147120,Activated natural mineral products; animal black,523885483,2019,KG,409343811,2019,KG,106815558,2019,KG
A,EU27_2020,20147130,Tall oil; whether or not refined,469115316,2019,KG,8733854,2019,KG,110153310,2019,KG
A,EU27_2020,20147140,"Gum, wood or sulphate turpentine oils, pine oil and other alike",45275799,2019,KG,20418938,2019,KG,5229265,2019,KG
A,EU27_2020,20147150,Rosin and resin acids; and derivatives; rosin spirit and oils; run gums,354390361,2019,KG,68537790,2019,KG,98766348,2019,KG
A,EU27_2020,20147170,"Wood tar; wood tar oils; wood creosote; wood naphtha; vegetable pitch; brewers’ pitch and similar preparations based on rosin, resin acids or on vegetable pitch",147915190,2019,KG,2169576,2019,KG,95312026,2019,KG
A,EU27_2020,20147200,Wood charcoal whether or not agglomerated (including shell or nut charcoal),240000000,2019,KG,55481003,2019,KG,689935809,2019,KG
A,EU27_2020,20147320,"Benzol (benzene), toluol (toluene) and xylol (xylenes)",1782934741,2019,KG,242858564,2019,KG,311323634,2019,KG
A,EU27_2020,20147340,"Naphthalene and other aromatic hydrocarbon mixtures (excluding benzene, toluene, xylene)",3857631585,2019,KG,1609435284,2019,KG,2479688162,2019,KG
A,EU27_2020,20147360,Phenols,98799300,2019,KG,2887030,2019,KG,733352,2019,KG
A,EU27_2020,20147390,"Other oils and oil products, n.e.c.",2320000000,2019,KG,11340024043,2019,KG,7099883514,2019,KG
A,EU27_2020,20147400,Undenatured ethyl alcohol of an alcoholic strength by volume >= 80 % (important: excluding alcohol duty),4872416900,2019,L,732921818,2019,L,970013659,2019,L
A,EU27_2020,20147500,Denatured ethyl alcohol and other denatured spirits; of any strength,1143715201,2019,L,83954545,2019,L,230363051,2019,L
A,EU27_2020,20148000,"Residual lyes from the manufacture of wood pulp, excluding tall oil",522950947,2019,KG,205382331,2019,KG,147574288,2019,KG
A,EU27_2020,20161035,"Linear polyethylene having a specific gravity < 0,94, in primary forms",1839610198,2019,KG,318193075,2019,KG,791305255,2019,KG
A,EU27_2020,20161039,"Polyethylene having a specific gravity < 0,94, in primary forms (excluding linear)",3804711583,2019,KG,935132814,2019,KG,846552896,2019,KG
A,EU27_2020,20161050,"Polyethylene having a specific gravity of >= 0,94, in primary forms",5550745548,2019,KG,1237023590,2019,KG,1953474415,2019,KG
A,EU27_2020,20161070,"Ethylene-vinyl acetate copolymers, in primary forms",583095624,2019,KG,250297867,2019,KG,100002531,2019,KG
A,EU27_2020,20161090,"Polymers of ethylene, in primary forms (excluding polyethylene, ethylene-vinyl acetate copolymers)",1466948303,2019,KG,899402699,2019,KG,1119589784,2019,KG
A,EU27_2020,20162035,"Expansible polystyrene, in primary forms",1646119041,2019,KG,84366432,2019,KG,100586452,2019,KG
A,EU27_2020,20162039,"Polystyrene, in primary forms (excluding expansible polystyrene)",1737955578,2019,KG,316549184,2019,KG,199187391,2019,KG
A,EU27_2020,20162050,"Styrene-acrylonitrile (SAN) copolymers, in primary forms",217569974,2019,KG,12529966,2019,KG,40377919,2019,KG
A,EU27_2020,20162070,"Acrylonitrile-butadiene-styrene (ABS) copolymers, in primary forms",697933888,2019,KG,217370525,2019,KG,237981477,2019,KG
A,EU27_2020,20162090,"Polymers of styrene, in primary forms (excluding polystyrene, styrene-acrylonitrile (SAN) copolymers, acrylonitrile-butadiene-styrene (ABS) copolymers)",750000000,2019,KG,315217813,2019,KG,103541438,2019,KG
A,EU27_2020,20163010,"Polyvinyl chloride, not mixed with any other substances, in primary forms",4953910010,2019,KG,1425967650,2019,KG,504513532,2019,KG
A,EU27_2020,20163023,"Non-plasticised polyvinyl chloride mixed with any other substance, in primary forms",330277306,2019,KG,61338986,2019,KG,28512414,2019,KG
A,EU27_2020,20163025,"Plasticised polyvinyl chloride mixed with any other substance, in primary forms",749221008,2019,KG,147759655,2019,KG,47445766,2019,KG
A,EU27_2020,20163040,"Vinyl chloride-vinyl acetate copolymers and other vinyl chloride copolymers, in primary forms",393609155,2019,KG,61739475,2019,KG,4973162,2019,KG
A,EU27_2020,20163060,Fluoropolymers,144872869,2019,KG,28715746,2019,KG,36137496,2019,KG
A,EU27_2020,20163090,"Polymers of halogenated olefins, in primary forms, n.e.c.",94739954,2019,KG,60494951,2019,KG,8439834,2019,KG
A,EU27_2020,20164013,"Polyacetals, in primary forms",180000000,2019,KG,128589004,2019,KG,95890259,2019,KG
A,EU27_2020,20164015,"Polyethylene glycols and other polyether alcohols, in primary forms",1977533010,2019,KG,814904343,2019,KG,216353897,2019,KG
A,EU27_2020,20164020,"Polyethers, in primary forms (excluding polyacetals, polyether alcohols)",157111850,2019,KG,57638213,2019,KG,60032936,2019,KG
A,EU27_2020,20164030,"Epoxide resins, in primary forms",392464949,2019,KG,239737714,2019,KG,149323766,2019,KG
A,EU27_2020,20164040,"Polycarbonates, in primary forms",1343848775,2019,KG,259407520,2019,KG,91307966,2019,KG
A,EU27_2020,20164050,"Alkyd resins, in primary forms",502609821,2019,KG,57949046,2019,KG,7542022,2019,KG
A,EU27_2020,20164062,Polyethylene terephthalate in primary forms having a viscosity number of >= 78 ml/g,2517574915,2019,KG,267056705,2019,KG,1091012060,2019,KG
A,EU27_2020,20164064,Other polyethylene terephthalate in primary forms,398927284,2019,KG,103354450,2019,KG,306319822,2019,KG
A,EU27_2020,20164070,"Unsaturated liquid polyesters, in primary forms (excluding polyacetals, polyethers, epoxide resins, polycarbonates, alkyd resins, polyethylene terephthalate)",550612846,2019,KG,123600895,2019,KG,64537285,2019,KG
A,EU27_2020,20164080,"Unsaturated polyesters, in primary forms (excluding liquid polyesters, polyacetals, polyethers, epoxide resins, polycarbonates, alkyd resins, polyethylene terephthalate)",161440568,2019,KG,31829721,2019,KG,12026970,2019,KG
A,EU27_2020,20164090,"Polyesters, in primary forms (excluding polyacetals, polyethers, epoxide resins, polycarbonates, alkyd resins, polyethylene terephthalate, other unsaturated polyesters)",1372840870,2019,KG,353818192,2019,KG,381787129,2019,KG
A,EU27_2020,20165130,"Polypropylene, in primary forms",9673911407,2019,KG,1031526235,2019,KG,1366859420,2019,KG
A,EU27_2020,20165150,"Polymers of propylene or of other olefins, in primary forms (excluding polypropylene)",2271366674,2019,KG,1190671213,2019,KG,585934061,2019,KG
A,EU27_2020,20165230,"Polymers of vinyl acetate, in aqueous dispersion, in primary forms",1066468144,2019,KG,157846686,2019,KG,17375922,2019,KG
A,EU27_2020,20165250,"Polymers of vinyl acetate, in primary forms (excluding in aqueous dispersion)",200000000,2019,KG,42892896,2019,KG,46609390,2019,KG
A,EU27_2020,20165270,"Polymers of vinyl esters or other vinyl polymers, in primary forms (excluding vinyl acetate)",161644241,2019,KG,82718980,2019,KG,195790897,2019,KG
A,EU27_2020,20165350,"Polymethyl methacrylate, in primary forms",88203890,2019,KG,8630224,2019,KG,37740891,2019,KG
A,EU27_2020,20165390,"Acrylic polymers, in primary forms (excluding polymethyl methacrylate)",3338385824,2019,KG,1068009737,2019,KG,426646178,2019,KG
A,EU27_2020,20165450,"Polyamide -6, -11, -12, -6,6, -6,9, -6,10 or -6,12, in primary forms",1859082545,2019,KG,469780544,2019,KG,242946073,2019,KG
A,EU27_2020,20165490,"Polyamides, in primary forms (excluding polyamide -6, -11, -12, -6,6, -6,9, -6,10 or -6,12)",267901555,2019,KG,137253316,2019,KG,81639434,2019,KG
A,EU27_2020,20165550,"Urea resins and thiourea resins, in primary forms",3271365258,2019,KG,146978442,2019,KG,102920747,2019,KG
A,EU27_2020,20165570,"Melamine resins, in primary forms",910605119,2019,KG,38980950,2019,KG,46539686,2019,KG
A,EU27_2020,20165630,"Amino resins, in primary forms (excluding urea and thiourea resins, melamine resins)",1330954731,2019,KG,534493746,2019,KG,141927802,2019,KG
A,EU27_2020,20165650,"Phenolic resins, in primary forms",838266066,2019,KG,89648518,2019,KG,61611110,2019,KG
A,EU27_2020,20165670,"Polyurethanes, in primary forms",2344181214,2019,KG,488138801,2019,KG,81666924,2019,KG
A,EU27_2020,20165700,"Silicones, in primary forms",632119307,2019,KG,86044505,2019,KG,206811692,2019,KG
A,EU27_2020,20165920,"Petroleum resins, coumarone-indene resins, polyterpenes, polysulphides, polysulphones, etc., n.e.c., in primary forms",508000000,2019,KG,224633361,2019,KG,262602707,2019,KG
A,EU27_2020,20165940,"Cellulose and its chemical derivatives, n.e.c., in primary forms",: ,2019,: ,: ,2019,: ,: ,2019,: 
A,EU27_2020,20165945,Sodium carboxymethyl cellulose,30076410,2019,KG,61597569,2019,KG,14641706,2019,KG
A,EU27_2020,20165950,"Cellulose and its chemical derivatives, in primary forms, excluding sodium carboxymethyl cellulose and n.e.c.",342232085,2019,KG,215327703,2019,KG,115215823,2019,KG
A,EU27_2020,20165955,"Natural polymers and modified natural polymers, not elsewhere specified or included, in primary forms . Alginic acid, its salts and esters",134000000,2019,KG,5423076,2019,KG,6197294,2019,KG
A,EU27_2020,20165960,"Natural and modified natural polymers, in primary forms (including alginic acid, hardened proteins, chemical derivatives of natural rubber)",: ,2019,: ,: ,2019,: ,: ,2019,: 
A,EU27_2020,20165965,"Natural polymers and modified natural polymers, e.g. hardened proteins, chemical derivatives of natural rubber, n.e.s., in primary forms (excl. alginic acid and its salts and esters)",100000000,2019,KG,21277604,2019,KG,20666257,2019,KG
A,EU27_2020,20165970,"Ion-exchangers based on synthetic or natural polymers, in primary forms",142099386,2019,KG,17426520,2019,KG,31867381,2019,KG
